instrument,price,timestamp
IE000Y77LGG9,"(9412,2,EUR)",2024-08-20T15:10:44.452Z
IE00B441G979,"(88326,3,EUR)",2024-08-20T14:45:33.051Z
IE00B1XNHC34,"(736,2,EUR)",2024-08-20T15:26:30.122Z
IE00BGV5VN51,"(11714,2,EUR)",2024-08-20T15:27:58.914Z
IE00BYXYX521,"(262701,4,EUR)",2024-08-20T13:30:20.553Z
LU0489337690,"(2416,2,EUR)",2024-08-20T15:01:07.252Z
DE0005933931,"(15286,2,EUR)",2024-08-20T15:28:28.453Z
IE00BKWQ0H23,"(24115,2,EUR)",2024-08-20T14:40:22.527Z
IE00BKWQ0F09,"(2022,1,EUR)",2024-08-20T13:39:11.181Z
LU1861137484,"(8442,2,EUR)",2024-08-20T14:16:38.492Z
IE000Y77LGG9,"(9442,2,EUR)",2024-08-21T14:59:27.040Z
IE00B441G979,"(88646,3,EUR)",2024-08-21T15:19:53.601Z
IE00B1XNHC34,"(7357,3,EUR)",2024-08-21T15:26:21.178Z
IE00BGV5VN51,"(11686,2,EUR)",2024-08-21T15:26:05.393Z
IE00BYXYX521,"(260901,4,EUR)",2024-08-21T14:01:17.249Z
LU0489337690,"(24065,3,EUR)",2024-08-21T14:54:27.967Z
DE0005933931,"(15372,2,EUR)",2024-08-21T15:11:43.757Z
IE00BKWQ0F09,"(20035,2,EUR)",2024-08-21T13:55:27.794Z
IE00BKWQ0H23,"(2406,1,EUR)",2024-08-21T14:44:02.057Z
LU1861137484,"(8458,2,EUR)",2024-08-21T15:05:50.075Z
IE000Y77LGG9,"(9475,2,EUR)",2024-08-22T14:58:23.646Z
IE00B441G979,"(88714,3,EUR)",2024-08-22T15:21:04.999Z
IE00B1XNHC34,"(7307,3,EUR)",2024-08-22T15:28:18.461Z
IE00BGV5VN51,"(11684,2,EUR)",2024-08-22T15:27:02.601Z
IE00BYXYX521,"(258401,4,EUR)",2024-08-22T13:47:46.569Z
LU0489337690,"(24355,3,EUR)",2024-08-22T15:29:30.130Z
DE0005933931,"(154,0,EUR)",2024-08-22T15:27:35.711Z
IE00BKWQ0H23,"(2433,1,EUR)",2024-08-22T13:47:08.130Z
IE00BKWQ0F09,"(19958,2,EUR)",2024-08-22T13:47:16.973Z
LU1861137484,"(8513,2,EUR)",2024-08-22T15:16:08.123Z
IE000Y77LGG9,"(9452,2,EUR)",2024-08-23T14:59:04.134Z
IE00B441G979,"(88922,3,EUR)",2024-08-23T15:03:48.944Z
IE00B1XNHC34,"(7413,3,EUR)",2024-08-23T15:29:54.835Z
IE00BGV5VN51,"(1159,1,EUR)",2024-08-23T15:22:39.171Z
IE00BYXYX521,"(260651,4,EUR)",2024-08-23T13:52:37.968Z
LU0489337690,"(2468,2,EUR)",2024-08-23T14:36:59.914Z
DE0005933931,"(15522,2,EUR)",2024-08-23T15:26:59.755Z
IE00BKWQ0H23,"(24255,2,EUR)",2024-08-23T14:50:03.298Z
IE00BKWQ0F09,"(20105,2,EUR)",2024-08-23T13:39:29.200Z
LU1861137484,"(8526,2,EUR)",2024-08-23T15:22:57.053Z
IE000Y77LGG9,"(9452,2,EUR)",2024-08-26T15:15:17.264Z
IE00B441G979,"(88878,3,EUR)",2024-08-26T14:52:20.093Z
IE00B1XNHC34,"(7486,3,EUR)",2024-08-26T15:20:43.863Z
IE00BGV5VN51,"(11564,2,EUR)",2024-08-26T15:25:53.386Z
IE00BYXYX521,"(264849,4,EUR)",2024-08-26T13:46:03.955Z
LU0489337690,"(24995,3,EUR)",2024-08-26T15:23:59.694Z
DE0005933931,"(15508,2,EUR)",2024-08-26T15:28:24.785Z
IE00BKWQ0F09,"(20355,2,EUR)",2024-08-26T13:36:18.036Z
IE00BKWQ0H23,"(24305,2,EUR)",2024-08-26T12:21:49.857Z
LU1861137484,"(8523,2,EUR)",2024-08-26T13:58:55.728Z
IE000Y77LGG9,"(9448,2,EUR)",2024-08-27T14:42:14.104Z
IE00B441G979,"(88652,3,EUR)",2024-08-27T13:45:50.586Z
IE00B1XNHC34,"(7374,3,EUR)",2024-08-27T15:29:25.289Z
IE00BGV5VN51,"(11566,2,EUR)",2024-08-27T15:11:21.908Z
IE00BYXYX521,"(263001,4,EUR)",2024-08-27T13:36:22.405Z
LU0489337690,"(24775,3,EUR)",2024-08-27T14:03:21.680Z
DE0005933931,"(15574,2,EUR)",2024-08-27T15:27:37.386Z
IE00BKWQ0F09,"(20425,2,EUR)",2024-08-27T07:30:13.284Z
IE00BKWQ0H23,"(24315,2,EUR)",2024-08-27T14:43:19.073Z
LU1861137484,"(853,1,EUR)",2024-08-27T14:32:16.617Z
IE000Y77LGG9,"(9441,2,EUR)",2024-08-28T15:20:06.192Z
IE00B441G979,"(88954,3,EUR)",2024-08-28T14:27:18.669Z
IE00B1XNHC34,"(7401,3,EUR)",2024-08-28T15:27:57.268Z
IE00BGV5VN51,"(11462,2,EUR)",2024-08-28T15:29:21.573Z
IE00BYXYX521,"(259699,4,EUR)",2024-08-28T12:22:03.761Z
LU0489337690,"(2484,2,EUR)",2024-08-28T15:28:54.262Z
DE0005933931,"(15646,2,EUR)",2024-08-28T15:20:32.785Z
IE00BKWQ0F09,"(20145,2,EUR)",2024-08-28T12:03:38.190Z
IE00BKWQ0H23,"(2444,1,EUR)",2024-08-28T15:17:03.048Z
LU1861137484,"(8558,2,EUR)",2024-08-28T15:22:20.779Z
IE000Y77LGG9,"(956,1,EUR)",2024-08-29T14:46:53.651Z
IE00B441G979,"(89298,3,EUR)",2024-08-29T14:46:08.454Z
IE00B1XNHC34,"(7406,3,EUR)",2024-08-29T15:27:19.861Z
IE00BGV5VN51,"(1167,1,EUR)",2024-08-29T15:28:02.995Z
IE00BYXYX521,"(260838,4,EUR)",2024-08-29T12:33:39.560Z
LU0489337690,"(24395,3,EUR)",2024-08-29T15:01:59.217Z
DE0005933931,"(15738,2,EUR)",2024-08-29T15:22:03.197Z
IE00BKWQ0F09,"(20145,2,EUR)",2024-08-28T12:03:38.190Z
IE00BKWQ0H23,"(2467,1,EUR)",2024-08-29T14:58:40.773Z
LU1861137484,"(8611,2,EUR)",2024-08-29T13:53:20.141Z
IE000Y77LGG9,"(9566,2,EUR)",2024-08-30T14:17:22.831Z
IE00B441G979,"(89286,3,EUR)",2024-08-30T14:01:57.753Z
IE00B1XNHC34,"(7418,3,EUR)",2024-08-30T15:15:31.777Z
IE00BGV5VN51,"(116,0,EUR)",2024-08-30T15:28:01.052Z
IE00BYXYX521,"(263301,4,EUR)",2024-08-30T12:20:51.591Z
LU0489337690,"(2481,2,EUR)",2024-08-30T14:09:29.132Z
DE0005933931,"(15754,2,EUR)",2024-08-30T15:25:22.635Z
IE00BKWQ0H23,"(24805,2,EUR)",2024-08-30T13:45:54.936Z
IE00BKWQ0F09,"(2011,1,EUR)",2024-08-30T14:25:43.730Z
LU1861137484,"(8652,2,EUR)",2024-08-30T15:21:23.688Z
IE00B441G979,"(89558,3,EUR)",2024-09-02T15:09:52.480Z
IE000Y77LGG9,"(9578,2,EUR)",2024-09-02T15:11:22.908Z
IE00B1XNHC34,"(7421,3,EUR)",2024-09-02T15:25:32.629Z
IE00BGV5VN51,"(11722,2,EUR)",2024-09-02T15:28:45.816Z
IE00BYXYX521,"(259199,4,EUR)",2024-09-02T13:49:41.498Z
LU0489337690,"(24895,3,EUR)",2024-09-02T15:25:38.995Z
DE0005933931,"(15762,2,EUR)",2024-09-02T15:23:47.904Z
IE00BKWQ0F09,"(2015,1,EUR)",2024-09-02T14:05:00.971Z
IE00BKWQ0H23,"(2474,1,EUR)",2024-09-02T15:22:54.386Z
LU1861137484,"(864,1,EUR)",2024-09-02T14:19:26.397Z
IE00B441G979,"(88302,3,EUR)",2024-09-03T15:29:55.611Z
IE000Y77LGG9,"(9505,2,EUR)",2024-09-03T15:24:39.881Z
IE00B1XNHC34,"(7307,3,EUR)",2024-09-03T15:29:08.409Z
IE00BGV5VN51,"(1154,1,EUR)",2024-09-03T15:29:57.396Z
IE00BYXYX521,"(258,1,EUR)",2024-09-03T09:42:13.872Z
LU0489337690,"(24575,3,EUR)",2024-09-03T15:19:08.717Z
DE0005933931,"(15614,2,EUR)",2024-09-03T15:25:22.633Z
IE00BKWQ0F09,"(1957,1,EUR)",2024-09-03T14:42:49.626Z
IE00BKWQ0H23,"(24645,2,EUR)",2024-09-03T14:43:34.125Z
LU1861137484,"(8597,2,EUR)",2024-09-03T15:24:58.711Z
IE00B441G979,"(8732,2,EUR)",2024-09-04T13:30:03.759Z
IE000Y77LGG9,"(939,1,EUR)",2024-09-04T15:20:19.374Z
IE00B1XNHC34,"(7321,3,EUR)",2024-09-04T15:21:59.309Z
IE00BGV5VN51,"(11386,2,EUR)",2024-09-04T15:26:50.357Z
IE00BYXYX521,"(253651,4,EUR)",2024-09-04T15:24:52.111Z
LU0489337690,"(2474,2,EUR)",2024-09-04T14:03:04.290Z
DE0005933931,"(15484,2,EUR)",2024-09-04T15:29:06.018Z
IE00BKWQ0H23,"(24385,2,EUR)",2024-09-04T15:09:35.070Z
IE00BKWQ0F09,"(1947,1,EUR)",2024-09-04T13:22:41.765Z
LU1861137484,"(8496,2,EUR)",2024-09-04T14:14:14.888Z
IE00B441G979,"(87136,3,EUR)",2024-09-05T15:16:10.072Z
IE000Y77LGG9,"(9293,2,EUR)",2024-09-05T15:26:16.143Z
IE00B1XNHC34,"(7379,3,EUR)",2024-09-05T15:07:48.100Z
IE00BGV5VN51,"(11278,2,EUR)",2024-09-05T15:26:25.341Z
IE00BYXYX521,"(255551,4,EUR)",2024-09-05T14:42:23.239Z
LU0489337690,"(2522,2,EUR)",2024-09-05T15:11:07.273Z
DE0005933931,"(1549,1,EUR)",2024-09-05T15:28:43.249Z
IE00BKWQ0H23,"(2407,1,EUR)",2024-09-05T14:07:45.983Z
IE00BKWQ0F09,"(19432,2,EUR)",2024-09-05T10:06:59.843Z
LU1861137484,"(8457,2,EUR)",2024-09-05T15:08:50.582Z
IE00B441G979,"(8608,2,EUR)",2024-09-06T15:07:09.974Z
IE000Y77LGG9,"(9169,2,EUR)",2024-09-06T15:28:39.611Z
IE00B1XNHC34,"(7246,3,EUR)",2024-09-06T15:29:09.528Z
IE00BGV5VN51,"(11068,2,EUR)",2024-09-06T15:29:37.781Z
IE00BYXYX521,"(253701,4,EUR)",2024-09-06T14:01:55.403Z
LU0489337690,"(253,1,EUR)",2024-09-06T15:27:25.678Z
DE0005933931,"(1522,1,EUR)",2024-09-06T15:29:24.490Z
IE00BKWQ0F09,"(18966,2,EUR)",2024-09-06T14:58:02.689Z
IE00BKWQ0H23,"(2421,1,EUR)",2024-09-06T13:30:05.885Z
LU1861137484,"(835,1,EUR)",2024-09-06T15:29:37.732Z
IE000Y77LGG9,"(9277,2,EUR)",2024-09-09T15:22:12.297Z
IE00B441G979,"(8642,2,EUR)",2024-09-09T14:35:26.288Z
IE00B1XNHC34,"(725,2,EUR)",2024-09-09T15:16:42.957Z
IE00BGV5VN51,"(11248,2,EUR)",2024-09-09T15:29:52.075Z
IE00BYXYX521,"(250901,4,EUR)",2024-09-09T14:07:34.800Z
LU0489337690,"(2519,2,EUR)",2024-09-09T14:04:01.436Z
DE0005933931,"(1534,1,EUR)",2024-09-09T15:25:20.517Z
IE00BKWQ0H23,"(2407,1,EUR)",2024-09-09T15:00:51.572Z
IE00BKWQ0F09,"(1912,1,EUR)",2024-09-09T15:09:10.181Z
LU1861137484,"(8448,2,EUR)",2024-09-09T14:24:43.812Z
IE000Y77LGG9,"(9339,2,EUR)",2024-09-10T15:24:45.303Z
IE00B441G979,"(8649,2,EUR)",2024-09-10T14:20:06.075Z
IE00B1XNHC34,"(7213,3,EUR)",2024-09-10T15:29:46.570Z
IE00BGV5VN51,"(11372,2,EUR)",2024-09-10T15:28:01.591Z
IE00BYXYX521,"(25,0,EUR)",2024-09-10T14:12:23.887Z
LU0489337690,"(2572,2,EUR)",2024-09-10T15:29:36.448Z
DE0005933931,"(1523,1,EUR)",2024-09-10T15:27:13.839Z
IE00BKWQ0H23,"(23905,2,EUR)",2024-09-10T15:20:53.033Z
IE00BKWQ0F09,"(1878,1,EUR)",2024-09-10T14:39:44.683Z
LU1861137484,"(8401,2,EUR)",2024-09-10T14:18:37.709Z
IE000Y77LGG9,"(9288,2,EUR)",2024-09-11T15:26:06.097Z
IE00B441G979,"(85996,3,EUR)",2024-09-11T15:18:10.102Z
IE00B1XNHC34,"(7406,3,EUR)",2024-09-11T15:28:52.417Z
IE00BGV5VN51,"(11332,2,EUR)",2024-09-11T15:21:52.162Z
IE00BYXYX521,"(251899,4,EUR)",2024-09-11T13:45:54.008Z
LU0489337690,"(2546,2,EUR)",2024-09-11T15:25:05.060Z
DE0005933931,"(15262,2,EUR)",2024-09-11T15:29:24.259Z
IE00BKWQ0H23,"(23855,2,EUR)",2024-09-11T14:48:35.443Z
IE00BKWQ0F09,"(187,0,EUR)",2024-09-11T14:05:28.913Z
LU1861137484,"(8458,2,EUR)",2024-09-11T13:36:21.825Z
IE000Y77LGG9,"(9472,2,EUR)",2024-09-12T15:21:17.672Z
IE00B441G979,"(87826,3,EUR)",2024-09-12T14:28:33.682Z
IE00B1XNHC34,"(7427,3,EUR)",2024-09-12T15:29:23.375Z
IE00BGV5VN51,"(11646,2,EUR)",2024-09-12T15:25:37.020Z
IE00BYXYX521,"(2567,2,EUR)",2024-09-12T14:54:34.197Z
LU0489337690,"(2563,2,EUR)",2024-09-12T15:29:14.281Z
DE0005933931,"(15406,2,EUR)",2024-09-12T15:25:40.184Z
IE00BKWQ0H23,"(23895,2,EUR)",2024-09-12T13:46:01.519Z
IE00BKWQ0F09,"(187,0,EUR)",2024-09-11T14:05:28.913Z
LU1861137484,"(8488,2,EUR)",2024-09-12T15:21:48.855Z
IE000Y77LGG9,"(9532,2,EUR)",2024-09-13T15:17:05.144Z
IE00B441G979,"(88446,3,EUR)",2024-09-13T13:36:10.589Z
IE00B1XNHC34,"(7508,3,EUR)",2024-09-13T15:29:47.289Z
IE00BGV5VN51,"(11708,2,EUR)",2024-09-13T15:22:10.095Z
IE00BYXYX521,"(258351,4,EUR)",2024-09-13T13:19:21.713Z
LU0489337690,"(2607,2,EUR)",2024-09-13T14:47:36.344Z
DE0005933931,"(15566,2,EUR)",2024-09-13T15:25:03.627Z
IE00BKWQ0H23,"(2392,1,EUR)",2024-09-13T15:10:09.711Z
IE00BKWQ0F09,"(19074,2,EUR)",2024-09-13T13:06:09.696Z
LU1861137484,"(8549,2,EUR)",2024-09-13T15:15:39.537Z
IE000Y77LGG9,"(9514,2,EUR)",2024-09-16T15:21:41.921Z
IE00B1XNHC34,"(75,1,EUR)",2024-09-16T15:24:11.143Z
IE00B441G979,"(88454,3,EUR)",2024-09-16T14:32:23.083Z
IE00BGV5VN51,"(11682,2,EUR)",2024-09-16T15:25:45.908Z
IE00BYXYX521,"(258901,4,EUR)",2024-09-16T13:39:54.085Z
LU0489337690,"(25895,3,EUR)",2024-09-16T14:52:48.281Z
DE0005933931,"(15514,2,EUR)",2024-09-16T15:27:25.703Z
IE00BKWQ0H23,"(239,0,EUR)",2024-09-16T15:28:52.088Z
IE00BKWQ0F09,"(19076,2,EUR)",2024-09-16T14:37:41.784Z
LU1861137484,"(8536,2,EUR)",2024-09-16T13:47:18.898Z
IE000Y77LGG9,"(9584,2,EUR)",2024-09-17T14:26:47.822Z
IE00B1XNHC34,"(7584,3,EUR)",2024-09-17T15:03:44.762Z
IE00B441G979,"(89194,3,EUR)",2024-09-17T15:06:43.077Z
IE00BGV5VN51,"(11736,2,EUR)",2024-09-17T15:08:03.391Z
IE00BYXYX521,"(260899,4,EUR)",2024-09-17T13:45:59.739Z
LU0489337690,"(2569,2,EUR)",2024-09-17T14:49:31.904Z
DE0005933931,"(15602,2,EUR)",2024-09-17T15:01:58.024Z
IE00BKWQ0F09,"(19192,2,EUR)",2024-09-17T07:30:14.976Z
IE00BKWQ0H23,"(23755,2,EUR)",2024-09-17T15:07:38.082Z
LU1861137484,"(8562,2,EUR)",2024-09-17T15:10:25.166Z
IE000Y77LGG9,"(9508,2,EUR)",2024-09-18T14:47:10.377Z
IE00B1XNHC34,"(7561,3,EUR)",2024-09-18T15:29:44.884Z
IE00B441G979,"(8871,2,EUR)",2024-09-18T14:52:34.103Z
IE00BGV5VN51,"(11612,2,EUR)",2024-09-18T15:26:30.295Z
IE00BYXYX521,"(260099,4,EUR)",2024-09-18T13:45:54.844Z
LU0489337690,"(25475,3,EUR)",2024-09-18T14:30:01.901Z
DE0005933931,"(15586,2,EUR)",2024-09-18T15:23:46.705Z
IE00BKWQ0F09,"(19228,2,EUR)",2024-09-18T07:07:35.109Z
IE00BKWQ0H23,"(2358,1,EUR)",2024-09-18T15:11:07.696Z
LU1861137484,"(8499,2,EUR)",2024-09-18T14:41:50.804Z
IE000Y77LGG9,"(9647,2,EUR)",2024-09-19T15:22:34.693Z
IE00B1XNHC34,"(7548,3,EUR)",2024-09-19T15:29:44.666Z
IE00B441G979,"(90056,3,EUR)",2024-09-19T15:17:25.633Z
IE00BGV5VN51,"(11846,2,EUR)",2024-09-19T15:25:57.505Z
IE00BYXYX521,"(260851,4,EUR)",2024-09-19T14:44:15.995Z
LU0489337690,"(25595,3,EUR)",2024-09-19T14:53:09.520Z
DE0005933931,"(15822,2,EUR)",2024-09-19T15:29:29.857Z
IE00BKWQ0F09,"(19476,2,EUR)",2024-09-19T12:30:21.832Z
IE00BKWQ0H23,"(2373,1,EUR)",2024-09-19T14:38:54.540Z
LU1861137484,"(8611,2,EUR)",2024-09-19T15:25:37.173Z
IE000Y77LGG9,"(9525,2,EUR)",2024-09-20T15:09:49.580Z
IE00B1XNHC34,"(7406,3,EUR)",2024-09-20T15:28:11.363Z
IE00B441G979,"(89532,3,EUR)",2024-09-20T15:21:29.122Z
IE00BGV5VN51,"(1179,1,EUR)",2024-09-20T15:27:41.382Z
IE00BYXYX521,"(261199,4,EUR)",2024-09-20T14:02:25.111Z
LU0489337690,"(25475,3,EUR)",2024-09-20T14:27:31.984Z
DE0005933931,"(156,0,EUR)",2024-09-20T15:29:45.900Z
IE00BKWQ0H23,"(23275,2,EUR)",2024-09-20T15:14:01.904Z
IE00BKWQ0F09,"(19174,2,EUR)",2024-09-20T13:36:19.191Z
LU1861137484,"(8474,2,EUR)",2024-09-20T15:25:21.789Z
IE000Y77LGG9,"(9598,2,EUR)",2024-09-23T15:09:26.228Z
IE00B1XNHC34,"(7454,3,EUR)",2024-09-23T15:27:34.687Z
IE00B441G979,"(90022,3,EUR)",2024-09-23T15:02:54.428Z
IE00BGV5VN51,"(11898,2,EUR)",2024-09-23T15:27:14.205Z
IE00BYXYX521,"(265301,4,EUR)",2024-09-23T14:40:34.928Z
LU0489337690,"(25705,3,EUR)",2024-09-23T14:57:19.530Z
DE0005933931,"(1567,1,EUR)",2024-09-23T15:17:35.918Z
IE00BKWQ0F09,"(19398,2,EUR)",2024-09-23T13:36:52.115Z
IE00BKWQ0H23,"(23125,2,EUR)",2024-09-23T15:26:10.979Z
LU1861137484,"(8507,2,EUR)",2024-09-23T15:22:33.170Z
IE000Y77LGG9,"(962,1,EUR)",2024-09-24T14:52:41.235Z
IE00B1XNHC34,"(7528,3,EUR)",2024-09-24T15:29:33.984Z
IE00B441G979,"(90102,3,EUR)",2024-09-24T15:28:40.083Z
IE00BGV5VN51,"(11896,2,EUR)",2024-09-24T15:29:49.556Z
IE00BYXYX521,"(268899,4,EUR)",2024-09-24T15:05:34.138Z
LU0489337690,"(25605,3,EUR)",2024-09-24T14:30:26.176Z
DE0005933931,"(15814,2,EUR)",2024-09-24T15:24:00.390Z
IE00BKWQ0H23,"(2316,1,EUR)",2024-09-24T14:54:18.171Z
IE00BKWQ0F09,"(19594,2,EUR)",2024-09-24T11:22:11.764Z
LU1861137484,"(8561,2,EUR)",2024-09-24T15:28:54.568Z
IE000Y77LGG9,"(9647,2,EUR)",2024-09-25T15:04:08.180Z
IE00B1XNHC34,"(747,2,EUR)",2024-09-25T15:27:19.271Z
IE00B441G979,"(90338,3,EUR)",2024-09-25T14:45:11.894Z
IE00BGV5VN51,"(11946,2,EUR)",2024-09-25T15:28:20.225Z
IE00BYXYX521,"(268599,4,EUR)",2024-09-25T15:09:31.361Z
LU0489337690,"(2545,2,EUR)",2024-09-25T14:10:20.193Z
DE0005933931,"(15754,2,EUR)",2024-09-25T15:21:41.892Z
IE00BKWQ0F09,"(1916,1,EUR)",2024-09-25T13:45:15.216Z
IE00BKWQ0H23,"(2324,1,EUR)",2024-09-25T14:25:12.528Z
LU1861137484,"(8586,2,EUR)",2024-09-25T15:08:43.442Z
IE000Y77LGG9,"(9703,2,EUR)",2024-09-26T15:19:45.097Z
IE00B1XNHC34,"(7515,3,EUR)",2024-09-26T15:29:58.316Z
IE00B441G979,"(9062,2,EUR)",2024-09-26T15:27:32.104Z
IE00BGV5VN51,"(12002,2,EUR)",2024-09-26T15:29:41.242Z
IE00BYXYX521,"(266749,4,EUR)",2024-09-26T13:45:55.065Z
LU0489337690,"(2577,2,EUR)",2024-09-26T15:19:40.196Z
DE0005933931,"(16002,2,EUR)",2024-09-26T15:29:13.617Z
IE00BKWQ0H23,"(23235,2,EUR)",2024-09-26T14:30:55.043Z
IE00BKWQ0F09,"(18438,2,EUR)",2024-09-26T14:19:40.402Z
LU1861137484,"(8699,2,EUR)",2024-09-26T14:37:12.213Z
IE000Y77LGG9,"(9736,2,EUR)",2024-09-27T14:48:18.041Z
IE00B1XNHC34,"(7635,3,EUR)",2024-09-27T15:28:35.463Z
IE00B441G979,"(90856,3,EUR)",2024-09-27T15:11:34.509Z
IE00BGV5VN51,"(1203,1,EUR)",2024-09-27T15:28:51.169Z
IE00BYXYX521,"(266001,4,EUR)",2024-09-27T13:01:09.789Z
LU0489337690,"(26035,3,EUR)",2024-09-27T15:19:08.878Z
DE0005933931,"(1622,1,EUR)",2024-09-27T15:29:19.418Z
IE00BKWQ0F09,"(18634,2,EUR)",2024-09-27T07:19:48.716Z
IE00BKWQ0H23,"(2324,1,EUR)",2024-09-27T15:24:33.967Z
LU1861137484,"(8732,2,EUR)",2024-09-27T15:15:21.954Z
IE000Y77LGG9,"(969,1,EUR)",2024-09-30T15:18:57.018Z
IE00B1XNHC34,"(7604,3,EUR)",2024-09-30T15:29:31.826Z
IE00B441G979,"(9047,2,EUR)",2024-09-30T14:51:13.562Z
IE00BGV5VN51,"(1199,1,EUR)",2024-09-30T15:29:34.520Z
IE00BYXYX521,"(266901,4,EUR)",2024-09-30T13:46:04.838Z
LU0489337690,"(25775,3,EUR)",2024-09-30T14:10:31.848Z
DE0005933931,"(16104,2,EUR)",2024-09-30T15:28:38.964Z
IE00BKWQ0F09,"(18646,2,EUR)",2024-09-30T14:10:39.360Z
IE00BKWQ0H23,"(2305,1,EUR)",2024-09-30T14:44:27.354Z
LU1861137484,"(8655,2,EUR)",2024-09-30T14:49:45.780Z
IE000Y77LGG9,"(9753,2,EUR)",2024-10-01T09:11:24.132Z
IE00B1XNHC34,"(7587,3,EUR)",2024-10-01T09:37:10.977Z
IE00B441G979,"(90736,3,EUR)",2024-10-01T08:41:10.290Z
IE00BGV5VN51,"(12086,2,EUR)",2024-10-01T09:39:28.494Z
IE00BYXYX521,"(268849,4,EUR)",2024-10-01T07:35:57.742Z
LU0489337690,"(26035,3,EUR)",2024-10-01T09:31:52.875Z
DE0005933931,"(16126,2,EUR)",2024-10-01T09:32:07.917Z
IE00BKWQ0F09,"(1858,1,EUR)",2024-10-01T07:35:53.317Z
IE00BKWQ0H23,"(2313,1,EUR)",2024-10-01T09:16:30.205Z
LU1861137484,"(8674,2,EUR)",2024-10-01T09:14:33.629Z
IE000Y77LGG9,"(9753,2,EUR)",2024-10-01T09:11:24.132Z
IE00B1XNHC34,"(7587,3,EUR)",2024-10-01T09:37:10.977Z
IE00B441G979,"(90736,3,EUR)",2024-10-01T08:41:10.290Z
IE00BGV5VN51,"(12086,2,EUR)",2024-10-01T09:39:28.494Z
IE00BYXYX521,"(268849,4,EUR)",2024-10-01T07:35:57.742Z
LU0489337690,"(26035,3,EUR)",2024-10-01T09:31:52.875Z
DE0005933931,"(16126,2,EUR)",2024-10-01T09:32:07.917Z
IE00BKWQ0F09,"(1858,1,EUR)",2024-10-01T07:35:53.317Z
IE00BKWQ0H23,"(2313,1,EUR)",2024-10-01T09:16:30.205Z
LU1861137484,"(8674,2,EUR)",2024-10-01T09:14:33.629Z
IE000Y77LGG9,"(9753,2,EUR)",2024-10-01T09:11:24.132Z
IE00B1XNHC34,"(7587,3,EUR)",2024-10-01T09:37:10.977Z
IE00B441G979,"(90736,3,EUR)",2024-10-01T08:41:10.290Z
IE00BGV5VN51,"(12086,2,EUR)",2024-10-01T09:39:28.494Z
IE00BYXYX521,"(268849,4,EUR)",2024-10-01T07:35:57.742Z
LU0489337690,"(26035,3,EUR)",2024-10-01T09:31:52.875Z
DE0005933931,"(16126,2,EUR)",2024-10-01T09:32:07.917Z
IE00BKWQ0F09,"(1858,1,EUR)",2024-10-01T07:35:53.317Z
IE00BKWQ0H23,"(2313,1,EUR)",2024-10-01T09:16:30.205Z
LU1861137484,"(8674,2,EUR)",2024-10-01T09:14:33.629Z
IE000Y77LGG9,"(974,1,EUR)",2024-10-04T15:07:36.514Z
IE00B1XNHC34,"(745,2,EUR)",2024-10-04T15:21:44.622Z
IE00B441G979,"(90624,3,EUR)",2024-10-04T13:42:40.891Z
IE00BGV5VN51,"(1218,1,EUR)",2024-10-04T15:27:31.954Z
IE00BYXYX521,"(281301,4,EUR)",2024-10-04T13:36:34.474Z
LU0489337690,"(2549,2,EUR)",2024-10-04T15:15:55.461Z
DE0005933931,"(15916,2,EUR)",2024-10-04T15:27:55.656Z
IE00BKWQ0F09,"(19878,2,EUR)",2024-10-04T15:11:21.151Z
IE00BKWQ0H23,"(2278,1,EUR)",2024-10-04T14:58:56.236Z
LU1861137484,"(8542,2,EUR)",2024-10-04T15:27:07.239Z
IE000Y77LGG9,"(9708,2,EUR)",2024-10-07T15:25:29.483Z
IE00B1XNHC34,"(743,2,EUR)",2024-10-07T15:29:05.447Z
IE00B441G979,"(90584,3,EUR)",2024-10-07T14:57:01.372Z
IE00BGV5VN51,"(12256,2,EUR)",2024-10-07T15:27:17.260Z
IE00BYXYX521,"(280699,4,EUR)",2024-10-07T13:47:17.666Z
LU0489337690,"(2513,2,EUR)",2024-10-07T14:59:39.081Z
DE0005933931,"(15902,2,EUR)",2024-10-07T15:28:03.921Z
IE00BKWQ0F09,"(19976,2,EUR)",2024-10-07T13:39:54.996Z
IE00BKWQ0H23,"(22965,2,EUR)",2024-10-07T15:02:25.311Z
LU1861137484,"(8554,2,EUR)",2024-10-07T15:02:07.331Z
IE000Y77LGG9,"(9734,2,EUR)",2024-10-08T14:52:46.150Z
IE00B1XNHC34,"(7341,3,EUR)",2024-10-08T15:29:13.734Z
IE00B441G979,"(90516,3,EUR)",2024-10-08T15:23:23.927Z
IE00BGV5VN51,"(12306,2,EUR)",2024-10-08T15:27:07.991Z
IE00BYXYX521,"(274199,4,EUR)",2024-10-08T14:58:24.718Z
LU0489337690,"(25065,3,EUR)",2024-10-08T14:52:43.199Z
DE0005933931,"(15876,2,EUR)",2024-10-08T15:24:52.709Z
IE00BKWQ0F09,"(19898,2,EUR)",2024-10-08T13:06:56.682Z
IE00BKWQ0H23,"(2287,1,EUR)",2024-10-08T14:56:38.175Z
LU1861137484,"(8537,2,EUR)",2024-10-08T15:22:04.554Z
IE000Y77LGG9,"(9799,2,EUR)",2024-10-09T15:28:13.473Z
IE00B1XNHC34,"(7342,3,EUR)",2024-10-09T15:28:57.998Z
IE00B441G979,"(9092,2,EUR)",2024-10-09T15:00:03.452Z
IE00BGV5VN51,"(1241,1,EUR)",2024-10-09T15:29:35.479Z
IE00BYXYX521,"(270449,4,EUR)",2024-10-09T13:45:56.431Z
LU0489337690,"(25225,3,EUR)",2024-10-09T15:29:31.999Z
DE0005933931,"(16034,2,EUR)",2024-10-09T15:29:29.920Z
IE00BKWQ0F09,"(19528,2,EUR)",2024-10-09T14:03:21.154Z
IE00BKWQ0H23,"(2297,1,EUR)",2024-10-09T15:16:22.354Z
LU1861137484,"(8582,2,EUR)",2024-10-09T14:58:52.908Z
IE000Y77LGG9,"(9786,2,EUR)",2024-10-10T14:49:17.476Z
IE00B1XNHC34,"(7171,3,EUR)",2024-10-10T15:28:11.825Z
IE00B441G979,"(9105,2,EUR)",2024-10-10T15:21:00.649Z
IE00BGV5VN51,"(1247,1,EUR)",2024-10-10T15:29:27.224Z
IE00BYXYX521,"(274249,4,EUR)",2024-10-10T14:01:45.706Z
LU0489337690,"(2498,2,EUR)",2024-10-10T14:02:56.641Z
DE0005933931,"(15992,2,EUR)",2024-10-10T15:29:15.128Z
IE00BKWQ0F09,"(19686,2,EUR)",2024-10-10T13:59:50.265Z
IE00BKWQ0H23,"(23075,2,EUR)",2024-10-10T14:23:17.455Z
LU1861137484,"(8568,2,EUR)",2024-10-10T15:07:47.509Z
IE000Y77LGG9,"(9811,2,EUR)",2024-10-11T15:18:01.555Z
IE00B1XNHC34,"(7208,3,EUR)",2024-10-11T15:22:06.286Z
IE00B441G979,"(91662,3,EUR)",2024-10-11T14:35:59.673Z
IE00BGV5VN51,"(12516,2,EUR)",2024-10-11T15:27:47.569Z
IE00BYXYX521,"(277501,4,EUR)",2024-10-11T10:48:20.976Z
LU0489337690,"(25305,3,EUR)",2024-10-11T14:33:52.421Z
DE0005933931,"(16114,2,EUR)",2024-10-11T15:22:53.963Z
IE00BKWQ0F09,"(19736,2,EUR)",2024-10-11T12:56:39.370Z
IE00BKWQ0H23,"(2318,1,EUR)",2024-10-11T14:50:49.579Z
LU1861137484,"(862,1,EUR)",2024-10-11T15:27:54.609Z
IE000Y77LGG9,"(9898,2,EUR)",2024-10-14T15:24:21.494Z
IE00B1XNHC34,"(7202,3,EUR)",2024-10-14T15:27:03.330Z
IE00B441G979,"(92182,3,EUR)",2024-10-14T15:20:10.424Z
IE00BGV5VN51,"(12612,2,EUR)",2024-10-14T15:29:07.048Z
IE00BYXYX521,"(275651,4,EUR)",2024-10-14T13:46:03.630Z
LU0489337690,"(252,1,EUR)",2024-10-14T14:58:20.378Z
DE0005933931,"(16238,2,EUR)",2024-10-14T15:29:36.215Z
IE00BKWQ0H23,"(23365,2,EUR)",2024-10-14T15:18:30.006Z
IE00BKWQ0F09,"(1975,1,EUR)",2024-10-14T08:50:28.507Z
LU1861137484,"(8668,2,EUR)",2024-10-14T14:33:33.585Z
IE000Y77LGG9,"(9872,2,EUR)",2024-10-15T14:34:07.855Z
IE00B1XNHC34,"(7128,3,EUR)",2024-10-15T15:26:27.681Z
IE00B441G979,"(91846,3,EUR)",2024-10-15T14:58:03.883Z
IE00BGV5VN51,"(12538,2,EUR)",2024-10-15T15:28:59.686Z
IE00BYXYX521,"(269751,4,EUR)",2024-10-15T14:02:11.195Z
LU0489337690,"(25425,3,EUR)",2024-10-15T14:32:33.618Z
DE0005933931,"(1625,1,EUR)",2024-10-15T15:26:50.239Z
IE00BKWQ0F09,"(18948,2,EUR)",2024-10-15T13:49:26.897Z
IE00BKWQ0H23,"(23285,2,EUR)",2024-10-15T14:47:10.085Z
LU1861137484,"(8597,2,EUR)",2024-10-15T15:20:30.357Z
IE000Y77LGG9,"(9799,2,EUR)",2024-10-16T15:22:54.798Z
IE00B1XNHC34,"(7158,3,EUR)",2024-10-16T15:24:39.496Z
IE00B441G979,"(9157,2,EUR)",2024-10-16T14:57:56.825Z
IE00BGV5VN51,"(12528,2,EUR)",2024-10-16T15:23:13.671Z
IE00BYXYX521,"(271951,4,EUR)",2024-10-16T14:33:54.584Z
LU0489337690,"(25555,3,EUR)",2024-10-16T14:43:45.104Z
DE0005933931,"(162,0,EUR)",2024-10-16T15:26:41.608Z
IE00BKWQ0F09,"(19086,2,EUR)",2024-10-16T15:23:45.658Z
IE00BKWQ0H23,"(23255,2,EUR)",2024-10-16T14:03:29.834Z
LU1861137484,"(8521,2,EUR)",2024-10-16T15:02:36.788Z
IE000Y77LGG9,"(986,1,EUR)",2024-10-17T15:02:21.310Z
IE00B1XNHC34,"(7154,3,EUR)",2024-10-17T15:26:10.260Z
IE00B441G979,"(92012,3,EUR)",2024-10-17T14:10:29.223Z
IE00BGV5VN51,"(12674,2,EUR)",2024-10-17T15:28:04.872Z
IE00BYXYX521,"(271417,4,EUR)",2024-10-17T15:24:10.165Z
LU0489337690,"(254,1,EUR)",2024-10-17T15:15:36.676Z
DE0005933931,"(16302,2,EUR)",2024-10-17T15:28:10.563Z
IE00BKWQ0H23,"(2349,1,EUR)",2024-10-17T14:49:04.637Z
IE00BKWQ0F09,"(1925,1,EUR)",2024-10-17T14:10:22.103Z
LU1861137484,"(8592,2,EUR)",2024-10-17T15:08:53.558Z
IE000Y77LGG9,"(984,1,EUR)",2024-10-18T15:27:28.791Z
IE00B1XNHC34,"(7128,3,EUR)",2024-10-18T15:25:11.949Z
IE00B441G979,"(92162,3,EUR)",2024-10-18T15:14:09.047Z
IE00BGV5VN51,"(12656,2,EUR)",2024-10-18T15:27:05.264Z
IE00BYXYX521,"(270851,4,EUR)",2024-10-18T14:15:31.362Z
LU0489337690,"(25165,3,EUR)",2024-10-18T14:19:34.896Z
DE0005933931,"(16366,2,EUR)",2024-10-18T15:27:38.566Z
IE00BKWQ0H23,"(2338,1,EUR)",2024-10-18T14:29:29.895Z
IE00BKWQ0F09,"(19126,2,EUR)",2024-10-18T14:53:58.557Z
LU1861137484,"(8626,2,EUR)",2024-10-18T15:25:56.623Z
IE000Y77LGG9,"(979,1,EUR)",2024-10-21T15:05:26.736Z
IE00B1XNHC34,"(7083,3,EUR)",2024-10-21T15:19:31.764Z
IE00B441G979,"(9162,2,EUR)",2024-10-21T15:22:23.340Z
IE00BGV5VN51,"(12608,2,EUR)",2024-10-21T15:29:20.684Z
IE00BYXYX521,"(275351,4,EUR)",2024-10-21T13:36:23.352Z
LU0489337690,"(2478,2,EUR)",2024-10-21T14:34:15.276Z
DE0005933931,"(162,0,EUR)",2024-10-21T15:29:30.863Z
IE00BKWQ0H23,"(23385,2,EUR)",2024-10-21T14:26:49.485Z
IE00BKWQ0F09,"(194,0,EUR)",2024-10-21T13:51:46.507Z
LU1861137484,"(855,1,EUR)",2024-10-21T15:16:33.122Z
IE000Y77LGG9,"(9755,2,EUR)",2024-10-22T15:26:07.482Z
IE00B1XNHC34,"(7086,3,EUR)",2024-10-22T15:26:14.483Z
IE00B441G979,"(9152,2,EUR)",2024-10-22T14:19:43.870Z
IE00BGV5VN51,"(12632,2,EUR)",2024-10-22T15:22:30.109Z
IE00BYXYX521,"(278149,4,EUR)",2024-10-22T13:46:00.209Z
LU0489337690,"(2456,2,EUR)",2024-10-22T15:05:01.966Z
DE0005933931,"(16188,2,EUR)",2024-10-22T15:24:11.296Z
IE00BKWQ0H23,"(23265,2,EUR)",2024-10-22T15:02:10.726Z
IE00BKWQ0F09,"(19392,2,EUR)",2024-10-22T15:12:35.461Z
LU1861137484,"(8522,2,EUR)",2024-10-22T14:15:11.789Z
IE000Y77LGG9,"(9738,2,EUR)",2024-10-23T15:25:57.127Z
IE00B1XNHC34,"(7001,3,EUR)",2024-10-23T15:28:43.516Z
IE00B441G979,"(9111,2,EUR)",2024-10-23T15:28:41.891Z
IE00BGV5VN51,"(12608,2,EUR)",2024-10-23T15:29:00.293Z
IE00BYXYX521,"(276601,4,EUR)",2024-10-23T15:23:49.797Z
LU0489337690,"(2457,2,EUR)",2024-10-23T14:30:17.028Z
DE0005933931,"(1614,1,EUR)",2024-10-23T15:28:25.902Z
IE00BKWQ0F09,"(19218,2,EUR)",2024-10-23T15:26:21.835Z
IE00BKWQ0H23,"(23295,2,EUR)",2024-10-23T15:06:45.671Z
LU1861137484,"(8473,2,EUR)",2024-10-23T15:11:36.600Z
IE000Y77LGG9,"(9794,2,EUR)",2024-10-24T15:21:51.220Z
IE00B1XNHC34,"(6981,3,EUR)",2024-10-24T15:28:10.194Z
IE00B441G979,"(9126,2,EUR)",2024-10-24T14:06:14.395Z
IE00BGV5VN51,"(12556,2,EUR)",2024-10-24T15:22:17.809Z
IE00BYXYX521,"(277251,4,EUR)",2024-10-24T14:36:57.908Z
LU0489337690,"(24585,3,EUR)",2024-10-24T14:06:07.403Z
DE0005933931,"(16212,2,EUR)",2024-10-24T15:14:22.642Z
IE00BKWQ0F09,"(19254,2,EUR)",2024-10-24T14:06:00.453Z
IE00BKWQ0H23,"(2328,1,EUR)",2024-10-24T14:27:40.674Z
LU1861137484,"(847,1,EUR)",2024-10-24T15:10:35.759Z
IE000Y77LGG9,"(9822,2,EUR)",2024-10-25T15:26:05.753Z
IE00B1XNHC34,"(7019,3,EUR)",2024-10-25T15:29:10.258Z
IE00B441G979,"(9193,2,EUR)",2024-10-25T14:41:02.270Z
IE00BGV5VN51,"(12654,2,EUR)",2024-10-25T15:27:43.618Z
IE00BYXYX521,"(278049,4,EUR)",2024-10-25T13:45:56.032Z
LU0489337690,"(2439,2,EUR)",2024-10-25T13:52:25.992Z
DE0005933931,"(162,0,EUR)",2024-10-25T15:26:23.253Z
IE00BKWQ0F09,"(19354,2,EUR)",2024-10-25T15:25:34.671Z
IE00BKWQ0H23,"(2311,1,EUR)",2024-10-25T13:20:47.848Z
LU1861137484,"(8462,2,EUR)",2024-10-25T14:20:23.979Z
IE000Y77LGG9,"(9798,2,EUR)",2024-10-29T16:29:52.897Z
IE00B1XNHC34,"(698,2,EUR)",2024-10-29T16:25:01.247Z
IE00B441G979,"(91634,3,EUR)",2024-10-29T16:04:25.277Z
IE00BGV5VN51,"(12736,2,EUR)",2024-10-29T16:29:59.147Z
IE00BYXYX521,"(274236,4,EUR)",2024-10-29T14:45:54.836Z
LU0489337690,"(24375,3,EUR)",2024-10-29T15:44:06.934Z
DE0005933931,"(1622,1,EUR)",2024-10-29T16:29:18.482Z
IE00BKWQ0F09,"(1892,1,EUR)",2024-10-29T15:03:08.094Z
IE00BKWQ0H23,"(22875,2,EUR)",2024-10-29T15:57:57.421Z
LU1861137484,"(846,1,EUR)",2024-10-29T16:19:37.280Z
IE000Y77LGG9,"(9756,2,EUR)",2024-10-30T16:17:35.467Z
IE00B1XNHC34,"(6928,3,EUR)",2024-10-30T16:29:49.967Z
IE00B441G979,"(9168,2,EUR)",2024-10-30T15:32:33.655Z
IE00BGV5VN51,"(12646,2,EUR)",2024-10-30T16:24:34.919Z
IE00BYXYX521,"(273999,4,EUR)",2024-10-30T16:16:10.677Z
LU0489337690,"(24175,3,EUR)",2024-10-30T15:39:22.120Z
DE0005933931,"(16046,2,EUR)",2024-10-30T16:17:59.380Z
IE00BKWQ0F09,"(18792,2,EUR)",2024-10-30T15:33:50.889Z
IE00BKWQ0H23,"(22575,2,EUR)",2024-10-30T15:39:51.743Z
LU1861137484,"(8366,2,EUR)",2024-10-30T16:01:51.215Z
IE000Y77LGG9,"(9599,2,EUR)",2024-10-31T16:27:42.122Z
IE00B1XNHC34,"(6942,3,EUR)",2024-10-31T16:27:46.963Z
IE00B441G979,"(89966,3,EUR)",2024-10-31T16:26:13.334Z
IE00BGV5VN51,"(12318,2,EUR)",2024-10-31T16:29:19.643Z
IE00BYXYX521,"(270851,4,EUR)",2024-10-31T14:55:34.646Z
LU0489337690,"(2368,2,EUR)",2024-10-31T16:29:19.268Z
DE0005933931,"(1587,1,EUR)",2024-10-31T16:28:55.549Z
IE00BKWQ0H23,"(2221,1,EUR)",2024-10-31T16:06:50.992Z
IE00BKWQ0F09,"(18702,2,EUR)",2024-10-31T15:45:36.001Z
LU1861137484,"(8236,2,EUR)",2024-10-31T16:09:29.857Z
IE000Y77LGG9,"(9679,2,EUR)",2024-11-01T16:10:36.954Z
IE00B1XNHC34,"(6979,3,EUR)",2024-11-01T16:28:34.274Z
IE00B441G979,"(90488,3,EUR)",2024-11-01T16:28:57.551Z
IE00BGV5VN51,"(12448,2,EUR)",2024-11-01T16:29:46.099Z
IE00BYXYX521,"(272049,4,EUR)",2024-11-01T15:06:57.836Z
LU0489337690,"(23875,3,EUR)",2024-11-01T15:05:12.152Z
DE0005933931,"(16032,2,EUR)",2024-11-01T16:29:50.222Z
IE00BKWQ0F09,"(1884,1,EUR)",2024-11-01T16:15:30.958Z
IE00BKWQ0H23,"(22495,2,EUR)",2024-11-01T14:36:53.911Z
LU1861137484,"(8354,2,EUR)",2024-11-01T16:03:39.632Z
IE000Y77LGG9,"(9624,2,EUR)",2024-11-04T16:15:47.599Z
IE00B1XNHC34,"(7122,3,EUR)",2024-11-04T16:27:39.809Z
IE00B441G979,"(90222,3,EUR)",2024-11-04T16:10:16.960Z
IE00BGV5VN51,"(12348,2,EUR)",2024-11-04T16:29:26.386Z
IE00BYXYX521,"(271967,4,EUR)",2024-11-04T14:36:27.238Z
LU0489337690,"(2368,2,EUR)",2024-11-04T15:36:17.831Z
DE0005933931,"(1596,1,EUR)",2024-11-04T16:23:28.032Z
IE00BKWQ0H23,"(2239,1,EUR)",2024-11-04T16:10:16.508Z
IE00BKWQ0F09,"(18904,2,EUR)",2024-11-04T14:36:23.255Z
LU1861137484,"(8285,2,EUR)",2024-11-04T16:29:31.458Z
IE000Y77LGG9,"(9642,2,EUR)",2024-11-05T15:56:22.821Z
IE00B1XNHC34,"(7002,3,EUR)",2024-11-05T16:28:52.621Z
IE00B441G979,"(90478,3,EUR)",2024-11-05T15:28:45.858Z
IE00BGV5VN51,"(1242,1,EUR)",2024-11-05T16:29:17.223Z
IE00BYXYX521,"(274849,4,EUR)",2024-11-05T15:16:01.161Z
LU0489337690,"(23575,3,EUR)",2024-11-05T15:03:39.306Z
DE0005933931,"(16034,2,EUR)",2024-11-05T16:28:02.197Z
IE00BKWQ0F09,"(18966,2,EUR)",2024-11-05T11:07:38.000Z
IE00BKWQ0H23,"(2192,1,EUR)",2024-11-05T15:22:55.429Z
LU1861137484,"(8291,2,EUR)",2024-11-05T14:42:29.213Z
IE000Y77LGG9,"(9945,2,EUR)",2024-11-06T16:16:54.645Z
IE00B1XNHC34,"(6659,3,EUR)",2024-11-06T16:28:54.435Z
IE00B441G979,"(92104,3,EUR)",2024-11-06T16:25:19.254Z
IE00BGV5VN51,"(12962,2,EUR)",2024-11-06T16:29:29.719Z
IE00BYXYX521,"(273701,4,EUR)",2024-11-06T16:15:17.710Z
LU0489337690,"(2315,2,EUR)",2024-11-06T16:25:22.623Z
DE0005933931,"(15848,2,EUR)",2024-11-06T16:29:37.048Z
IE00BKWQ0F09,"(18906,2,EUR)",2024-11-06T16:13:20.065Z
IE00BKWQ0H23,"(2187,1,EUR)",2024-11-06T16:19:21.648Z
LU1861137484,"(8269,2,EUR)",2024-11-06T16:19:24.342Z
IE000Y77LGG9,"(10024,2,EUR)",2024-11-07T16:18:48.225Z
IE00B1XNHC34,"(6735,3,EUR)",2024-11-07T16:29:50.060Z
IE00B441G979,"(93162,3,EUR)",2024-11-07T16:15:11.979Z
IE00BGV5VN51,"(13122,2,EUR)",2024-11-07T16:29:43.009Z
IE00BYXYX521,"(273501,4,EUR)",2024-11-07T15:02:43.833Z
LU0489337690,"(23445,3,EUR)",2024-11-07T15:49:57.790Z
DE0005933931,"(16124,2,EUR)",2024-11-07T16:29:08.237Z
IE00BKWQ0H23,"(21825,2,EUR)",2024-11-07T16:06:38.147Z
IE00BKWQ0F09,"(1908,1,EUR)",2024-11-07T14:47:21.316Z
LU1861137484,"(8323,2,EUR)",2024-11-07T16:09:09.140Z
IE000Y77LGG9,"(10144,2,EUR)",2024-11-08T16:24:05.868Z
IE00B1XNHC34,"(6606,3,EUR)",2024-11-08T16:29:28.106Z
IE00B441G979,"(93308,3,EUR)",2024-11-08T16:28:24.528Z
IE00BGV5VN51,"(1325,1,EUR)",2024-11-08T16:29:53.326Z
IE00BYXYX521,"(272951,4,EUR)",2024-11-08T15:39:00.944Z
LU0489337690,"(23745,3,EUR)",2024-11-08T16:24:43.280Z
DE0005933931,"(15992,2,EUR)",2024-11-08T16:27:07.189Z
IE00BKWQ0H23,"(2193,1,EUR)",2024-11-08T15:57:32.733Z
IE00BKWQ0F09,"(19116,2,EUR)",2024-11-07T20:02:19.489Z
LU1861137484,"(8286,2,EUR)",2024-11-08T16:19:05.088Z
IE000Y77LGG9,"(10324,2,EUR)",2024-11-11T16:22:42.336Z
IE00B1XNHC34,"(6658,3,EUR)",2024-11-11T16:29:15.786Z
IE00B441G979,"(93822,3,EUR)",2024-11-11T16:17:05.528Z
IE00BGV5VN51,"(13398,2,EUR)",2024-11-11T16:28:57.774Z
IE00BYXYX521,"(272751,4,EUR)",2024-11-11T14:36:26.684Z
LU0489337690,"(23765,3,EUR)",2024-11-11T15:28:04.450Z
DE0005933931,"(16204,2,EUR)",2024-11-11T16:22:27.241Z
IE00BKWQ0F09,"(18926,2,EUR)",2024-11-11T15:04:52.830Z
IE00BKWQ0H23,"(2227,1,EUR)",2024-11-11T15:49:25.032Z
LU1861137484,"(8388,2,EUR)",2024-11-11T16:28:42.731Z
IE000Y77LGG9,"(1027,1,EUR)",2024-11-12T16:16:34.448Z
IE00B1XNHC34,"(6515,3,EUR)",2024-11-12T16:29:27.140Z
IE00B441G979,"(93418,3,EUR)",2024-11-12T15:36:12.043Z
IE00BGV5VN51,"(13416,2,EUR)",2024-11-12T16:29:36.864Z
IE00BYXYX521,"(272851,4,EUR)",2024-11-12T15:35:50.828Z
LU0489337690,"(23315,3,EUR)",2024-11-12T16:26:16.745Z
DE0005933931,"(15856,2,EUR)",2024-11-12T16:29:38.347Z
IE00BKWQ0F09,"(18448,2,EUR)",2024-11-12T16:17:15.487Z
IE00BKWQ0H23,"(2186,1,EUR)",2024-11-12T15:53:15.486Z
LU1861137484,"(8213,2,EUR)",2024-11-12T16:28:07.069Z
IE000Y77LGG9,"(10278,2,EUR)",2024-11-13T16:28:39.295Z
IE00B1XNHC34,"(6518,3,EUR)",2024-11-13T16:27:14.596Z
IE00B441G979,"(9289,2,EUR)",2024-11-13T15:07:30.126Z
IE00BGV5VN51,"(1355,1,EUR)",2024-11-13T16:29:24.228Z
IE00BYXYX521,"(269851,4,EUR)",2024-11-13T15:02:33.284Z
LU0489337690,"(23085,3,EUR)",2024-11-13T16:14:49.074Z
DE0005933931,"(15798,2,EUR)",2024-11-13T16:29:08.505Z
IE00BKWQ0H23,"(2186,1,EUR)",2024-11-13T16:26:00.251Z
IE00BKWQ0F09,"(184,0,EUR)",2024-11-13T15:27:00.015Z
LU1861137484,"(8166,2,EUR)",2024-11-13T15:51:32.009Z
IE000Y77LGG9,"(10296,2,EUR)",2024-11-14T16:28:18.518Z
IE00B1XNHC34,"(6492,3,EUR)",2024-11-14T16:28:40.588Z
IE00B441G979,"(93392,3,EUR)",2024-11-14T16:27:58.425Z
IE00BGV5VN51,"(13442,2,EUR)",2024-11-14T16:29:00.012Z
IE00BYXYX521,"(272199,4,EUR)",2024-11-14T15:46:09.686Z
LU0489337690,"(2335,2,EUR)",2024-11-14T16:24:07.767Z
DE0005933931,"(1603,1,EUR)",2024-11-14T16:27:29.241Z
IE00BKWQ0H23,"(2187,1,EUR)",2024-11-14T15:49:21.826Z
IE00BKWQ0F09,"(189,0,EUR)",2024-11-14T15:24:41.811Z
LU1861137484,"(8277,2,EUR)",2024-11-14T16:13:37.549Z
IE000Y77LGG9,"(10184,2,EUR)",2024-11-18T16:29:08.572Z
IE00B1XNHC34,"(6527,3,EUR)",2024-11-18T16:26:07.924Z
IE00B441G979,"(92202,3,EUR)",2024-11-18T16:09:57.006Z
IE00BGV5VN51,"(13294,2,EUR)",2024-11-18T16:29:22.544Z
IE00BYXYX521,"(275051,4,EUR)",2024-11-18T16:06:51.995Z
LU0489337690,"(22945,3,EUR)",2024-11-18T15:51:00.325Z
DE0005933931,"(15964,2,EUR)",2024-11-18T16:28:56.232Z
IE00BKWQ0F09,"(19238,2,EUR)",2024-11-18T16:26:09.442Z
IE00BKWQ0H23,"(21075,2,EUR)",2024-11-18T15:32:04.969Z
LU1861137484,"(8164,2,EUR)",2024-11-18T16:29:48.726Z
IE000Y77LGG9,"(10126,2,EUR)",2024-11-19T16:08:04.046Z
IE00B1XNHC34,"(6515,3,EUR)",2024-11-19T16:29:05.206Z
IE00B441G979,"(92102,3,EUR)",2024-11-19T16:22:29.132Z
IE00BGV5VN51,"(13238,2,EUR)",2024-11-19T16:28:53.862Z
IE00BYXYX521,"(276201,4,EUR)",2024-11-19T14:36:23.620Z
LU0489337690,"(23085,3,EUR)",2024-11-19T16:11:11.583Z
DE0005933931,"(15866,2,EUR)",2024-11-19T16:28:10.692Z
IE00BKWQ0H23,"(21135,2,EUR)",2024-11-19T15:35:28.937Z
IE00BKWQ0F09,"(19252,2,EUR)",2024-11-19T12:11:24.993Z
LU1861137484,"(8133,2,EUR)",2024-11-19T16:18:47.515Z
IE000Y77LGG9,"(10158,2,EUR)",2024-11-20T15:57:00.723Z
IE00B1XNHC34,"(6521,3,EUR)",2024-11-20T16:28:17.488Z
IE00B441G979,"(9181,2,EUR)",2024-11-20T15:25:51.893Z
IE00BGV5VN51,"(1331,1,EUR)",2024-11-20T16:26:42.431Z
IE00BYXYX521,"(280001,4,EUR)",2024-11-20T15:25:23.130Z
LU0489337690,"(2296,2,EUR)",2024-11-20T16:28:22.236Z
DE0005933931,"(15818,2,EUR)",2024-11-20T16:29:34.194Z
IE00BKWQ0F09,"(19076,2,EUR)",2024-11-20T15:44:58.001Z
IE00BKWQ0H23,"(21345,2,EUR)",2024-11-20T16:01:08.318Z
LU1861137484,"(8143,2,EUR)",2024-11-20T16:22:31.878Z
IE000Y77LGG9,"(10308,2,EUR)",2024-11-21T16:26:34.111Z
IE00B1XNHC34,"(6552,3,EUR)",2024-11-21T16:28:06.696Z
IE00B441G979,"(92684,3,EUR)",2024-11-21T15:59:29.027Z
IE00BGV5VN51,"(13608,2,EUR)",2024-11-21T16:27:58.695Z
IE00BYXYX521,"(283251,4,EUR)",2024-11-21T15:01:28.691Z
LU0489337690,"(22855,3,EUR)",2024-11-21T15:28:29.120Z
DE0005933931,"(15926,2,EUR)",2024-11-21T16:14:15.732Z
IE00BKWQ0F09,"(19248,2,EUR)",2024-11-21T15:02:50.620Z
IE00BKWQ0H23,"(21335,2,EUR)",2024-11-21T16:15:29.375Z
LU1861137484,"(8158,2,EUR)",2024-11-21T15:38:21.360Z
IE000Y77LGG9,"(10454,2,EUR)",2024-11-22T16:22:44.766Z
IE00B1XNHC34,"(6614,3,EUR)",2024-11-22T16:25:06.528Z
IE00B441G979,"(93432,3,EUR)",2024-11-22T14:46:12.567Z
IE00BGV5VN51,"(13698,2,EUR)",2024-11-22T16:29:34.379Z
IE00BYXYX521,"(285351,4,EUR)",2024-11-22T15:13:53.611Z
LU0489337690,"(2355,2,EUR)",2024-11-22T16:26:12.740Z
DE0005933931,"(16068,2,EUR)",2024-11-22T16:29:15.263Z
IE00BKWQ0H23,"(2187,1,EUR)",2024-11-22T15:51:27.936Z
IE00BKWQ0F09,"(1939,1,EUR)",2024-11-22T14:46:15.462Z
LU1861137484,"(8302,2,EUR)",2024-11-22T16:01:03.132Z
IE00B441G979,"(93852,3,EUR)",2024-11-25T15:29:58.362Z
IE000Y77LGG9,"(10466,2,EUR)",2024-11-25T16:17:39.648Z
IE00B1XNHC34,"(6727,3,EUR)",2024-11-25T16:26:00.242Z
IE00BGV5VN51,"(13722,2,EUR)",2024-11-25T16:29:41.384Z
IE00BYXYX521,"(283101,4,EUR)",2024-11-25T14:40:14.121Z
LU0489337690,"(2365,2,EUR)",2024-11-25T16:28:12.562Z
DE0005933931,"(16156,2,EUR)",2024-11-25T16:27:51.969Z
IE00BKWQ0H23,"(2178,1,EUR)",2024-11-25T16:20:02.266Z
IE00BKWQ0F09,"(19166,2,EUR)",2024-11-25T15:04:10.350Z
LU1861137484,"(8327,2,EUR)",2024-11-25T16:22:39.357Z
IE00B441G979,"(93678,3,EUR)",2024-11-26T15:58:21.585Z
IE000Y77LGG9,"(10412,2,EUR)",2024-11-26T16:27:14.695Z
IE00B1XNHC34,"(6659,3,EUR)",2024-11-26T16:25:41.647Z
IE00BGV5VN51,"(1375,1,EUR)",2024-11-26T16:28:29.943Z
IE00BYXYX521,"(282101,4,EUR)",2024-11-26T14:17:56.373Z
LU0489337690,"(23435,3,EUR)",2024-11-26T16:28:06.568Z
DE0005933931,"(16072,2,EUR)",2024-11-26T16:26:01.150Z
IE00BKWQ0H23,"(21825,2,EUR)",2024-11-26T16:27:12.979Z
IE00BKWQ0F09,"(18914,2,EUR)",2024-11-26T16:06:59.713Z
LU1861137484,"(8299,2,EUR)",2024-11-26T16:25:32.497Z
IE00B441G979,"(9344,2,EUR)",2024-11-27T16:25:30.710Z
IE000Y77LGG9,"(10312,2,EUR)",2024-11-27T16:21:56.150Z
IE00B1XNHC34,"(6689,3,EUR)",2024-11-27T16:29:43.225Z
IE00BGV5VN51,"(13434,2,EUR)",2024-11-27T16:27:55.681Z
IE00BYXYX521,"(277551,4,EUR)",2024-11-27T15:06:33.238Z
LU0489337690,"(2378,2,EUR)",2024-11-27T15:20:13.121Z
DE0005933931,"(1603,1,EUR)",2024-11-27T16:21:57.846Z
IE00BKWQ0F09,"(18838,2,EUR)",2024-11-27T16:29:31.362Z
IE00BKWQ0H23,"(2176,1,EUR)",2024-11-27T16:29:32.374Z
LU1861137484,"(8258,2,EUR)",2024-11-27T16:17:55.231Z
IE00B441G979,"(93826,3,EUR)",2024-11-28T14:48:45.720Z
IE000Y77LGG9,"(10368,2,EUR)",2024-11-28T16:00:52.333Z
IE00B1XNHC34,"(6695,3,EUR)",2024-11-28T16:22:42.891Z
IE00BGV5VN51,"(13522,2,EUR)",2024-11-28T16:29:23.945Z
IE00BYXYX521,"(276251,4,EUR)",2024-11-28T15:07:08.066Z
LU0489337690,"(2381,2,EUR)",2024-11-28T15:08:04.163Z
DE0005933931,"(16168,2,EUR)",2024-11-28T16:29:00.585Z
IE00BKWQ0F09,"(18798,2,EUR)",2024-11-28T15:12:48.388Z
IE00BKWQ0H23,"(2182,1,EUR)",2024-11-28T16:02:10.371Z
LU1861137484,"(8294,2,EUR)",2024-11-28T16:25:29.063Z
IE00B441G979,"(9402,2,EUR)",2024-11-29T15:49:25.968Z
IE000Y77LGG9,"(10406,2,EUR)",2024-11-29T15:36:38.848Z
IE00B1XNHC34,"(6701,3,EUR)",2024-11-29T16:28:13.954Z
IE00BGV5VN51,"(13582,2,EUR)",2024-11-29T16:27:22.766Z
IE00BYXYX521,"(279401,4,EUR)",2024-11-29T15:22:12.070Z
LU0489337690,"(23895,3,EUR)",2024-11-29T16:29:25.733Z
DE0005933931,"(16338,2,EUR)",2024-11-29T16:29:48.137Z
IE00BKWQ0F09,"(189,0,EUR)",2024-11-29T12:23:01.670Z
IE00BKWQ0H23,"(218,0,EUR)",2024-11-29T15:24:29.688Z
LU1861137484,"(8351,2,EUR)",2024-11-29T16:29:15.594Z
IE00B441G979,"(94386,3,EUR)",2024-12-02T16:27:36.232Z
IE000Y77LGG9,"(10528,2,EUR)",2024-12-02T16:16:53.954Z
IE00B1XNHC34,"(6762,3,EUR)",2024-12-02T16:29:38.411Z
IE00BGV5VN51,"(13698,2,EUR)",2024-12-02T16:29:37.893Z
IE00BYXYX521,"(278349,4,EUR)",2024-12-02T16:19:32.403Z
LU0489337690,"(23655,3,EUR)",2024-12-02T16:27:24.348Z
DE0005933931,"(16574,2,EUR)",2024-12-02T16:29:40.615Z
IE00BKWQ0F09,"(18732,2,EUR)",2024-12-02T15:11:31.175Z
IE00BKWQ0H23,"(22055,2,EUR)",2024-12-02T16:14:24.476Z
LU1861137484,"(8403,2,EUR)",2024-12-02T16:24:50.465Z
IE00B441G979,"(94498,3,EUR)",2024-12-03T16:06:22.198Z
IE000Y77LGG9,"(10492,2,EUR)",2024-12-03T16:22:00.971Z
IE00B1XNHC34,"(6707,3,EUR)",2024-12-03T16:24:53.469Z
IE00BGV5VN51,"(13682,2,EUR)",2024-12-03T16:28:28.748Z
IE00BYXYX521,"(277499,4,EUR)",2024-12-03T13:16:07.787Z
LU0489337690,"(2356,2,EUR)",2024-12-03T16:05:25.989Z
DE0005933931,"(16672,2,EUR)",2024-12-03T16:27:36.470Z
IE00BKWQ0F09,"(19076,2,EUR)",2024-12-03T13:49:37.807Z
IE00BKWQ0H23,"(22125,2,EUR)",2024-12-03T16:27:55.353Z
LU1861137484,"(8428,2,EUR)",2024-12-03T16:22:52.112Z
IE00B441G979,"(94928,3,EUR)",2024-12-04T14:52:24.591Z
IE000Y77LGG9,"(10518,2,EUR)",2024-12-04T16:15:45.601Z
IE00B1XNHC34,"(6597,3,EUR)",2024-12-04T16:28:57.096Z
IE00BGV5VN51,"(13952,2,EUR)",2024-12-04T16:28:48.280Z
IE00BYXYX521,"(277501,4,EUR)",2024-12-04T15:10:52.847Z
LU0489337690,"(23875,3,EUR)",2024-12-04T16:25:49.221Z
DE0005933931,"(16826,2,EUR)",2024-12-04T16:24:32.651Z
IE00BKWQ0H23,"(2194,1,EUR)",2024-12-04T15:51:24.963Z
IE00BKWQ0F09,"(18876,2,EUR)",2024-12-04T16:25:48.822Z
LU1861137484,"(8479,2,EUR)",2024-12-04T16:00:02.740Z
IE00B441G979,"(95134,3,EUR)",2024-12-05T15:51:01.536Z
IE000Y77LGG9,"(10468,2,EUR)",2024-12-05T16:11:37.297Z
IE00B1XNHC34,"(6577,3,EUR)",2024-12-05T16:28:31.197Z
IE00BGV5VN51,"(13954,2,EUR)",2024-12-05T16:29:23.352Z
IE00BYXYX521,"(276251,4,EUR)",2024-12-05T15:57:17.042Z
LU0489337690,"(23595,3,EUR)",2024-12-05T16:23:12.163Z
DE0005933931,"(16948,2,EUR)",2024-12-05T16:26:18.219Z
IE00BKWQ0F09,"(18714,2,EUR)",2024-12-05T11:52:53.762Z
IE00BKWQ0H23,"(2193,1,EUR)",2024-12-05T15:55:59.848Z
LU1861137484,"(85,0,EUR)",2024-12-05T16:29:16.080Z
IE00B441G979,"(95258,3,EUR)",2024-12-06T15:57:54.013Z
IE000Y77LGG9,"(10498,2,EUR)",2024-12-06T16:19:57.129Z
IE00B1XNHC34,"(6559,3,EUR)",2024-12-06T16:28:39.679Z
IE00BGV5VN51,"(14036,2,EUR)",2024-12-06T16:27:22.597Z
IE00BYXYX521,"(273601,4,EUR)",2024-12-06T16:01:28.195Z
LU0489337690,"(23745,3,EUR)",2024-12-06T15:28:23.668Z
DE0005933931,"(1696,1,EUR)",2024-12-06T16:25:11.998Z
IE00BKWQ0H23,"(22095,2,EUR)",2024-12-06T15:27:59.241Z
IE00BKWQ0F09,"(1853,1,EUR)",2024-12-06T15:46:04.143Z
LU1861137484,"(8523,2,EUR)",2024-12-06T16:04:53.294Z
IE00B441G979,"(95004,3,EUR)",2024-12-09T16:27:30.707Z
IE000Y77LGG9,"(10452,2,EUR)",2024-12-09T16:16:17.593Z
IE00B1XNHC34,"(6705,3,EUR)",2024-12-09T16:28:05.372Z
IE00BGV5VN51,"(13898,2,EUR)",2024-12-09T16:29:49.036Z
IE00BYXYX521,"(278023,4,EUR)",2024-12-09T14:40:09.525Z
LU0489337690,"(2326,2,EUR)",2024-12-09T16:15:24.748Z
DE0005933931,"(16944,2,EUR)",2024-12-09T16:29:37.579Z
IE00BKWQ0F09,"(19072,2,EUR)",2024-12-09T15:03:53.545Z
IE00BKWQ0H23,"(2206,1,EUR)",2024-12-09T16:21:21.560Z
LU1861137484,"(8512,2,EUR)",2024-12-09T16:17:24.344Z
IE00B1XNHC34,"(6598,3,EUR)",2024-12-10T16:24:36.792Z
IE00B441G979,"(94754,3,EUR)",2024-12-10T15:28:45.403Z
IE000Y77LGG9,"(10514,2,EUR)",2024-12-10T15:48:08.724Z
IE00BGV5VN51,"(13892,2,EUR)",2024-12-10T16:28:32.880Z
IE00BYXYX521,"(2791,2,EUR)",2024-12-10T15:15:03.708Z
LU0489337690,"(23345,3,EUR)",2024-12-10T15:41:38.158Z
DE0005933931,"(16938,2,EUR)",2024-12-10T16:28:56.692Z
IE00BKWQ0H23,"(2211,1,EUR)",2024-12-10T14:43:42.088Z
IE00BKWQ0F09,"(18974,2,EUR)",2024-12-10T16:24:39.671Z
LU1861137484,"(85,0,EUR)",2024-12-10T16:05:13.536Z
IE00B1XNHC34,"(6571,3,EUR)",2024-12-11T16:27:52.362Z
IE00B441G979,"(95098,3,EUR)",2024-12-11T16:20:33.354Z
IE000Y77LGG9,"(10556,2,EUR)",2024-12-11T16:26:40.324Z
IE00BGV5VN51,"(14026,2,EUR)",2024-12-11T16:29:23.463Z
IE00BYXYX521,"(282551,4,EUR)",2024-12-11T14:36:23.841Z
LU0489337690,"(2327,2,EUR)",2024-12-11T15:44:22.827Z
DE0005933931,"(16994,2,EUR)",2024-12-11T16:29:42.763Z
IE00BKWQ0F09,"(18628,2,EUR)",2024-12-11T07:10:16.768Z
IE00BKWQ0H23,"(22005,2,EUR)",2024-12-11T15:35:56.389Z
LU1861137484,"(8529,2,EUR)",2024-12-11T16:19:37.429Z
IE00B1XNHC34,"(6555,3,EUR)",2024-12-12T16:28:51.622Z
IE00B441G979,"(94914,3,EUR)",2024-12-12T14:56:43.678Z
IE000Y77LGG9,"(1054,1,EUR)",2024-12-12T15:37:17.834Z
IE00BGV5VN51,"(14032,2,EUR)",2024-12-12T16:28:05.501Z
IE00BYXYX521,"(282251,4,EUR)",2024-12-12T14:36:21.941Z
LU0489337690,"(23315,3,EUR)",2024-12-12T16:25:33.475Z
DE0005933931,"(17002,2,EUR)",2024-12-12T16:28:12.812Z
IE00BKWQ0F09,"(18824,2,EUR)",2024-12-12T16:25:31.886Z
IE00BKWQ0H23,"(21995,2,EUR)",2024-12-12T16:00:56.067Z
LU1861137484,"(8516,2,EUR)",2024-12-12T16:11:53.686Z
IE00B1XNHC34,"(6503,3,EUR)",2024-12-13T16:29:57.328Z
IE00B441G979,"(94382,3,EUR)",2024-12-13T16:16:36.043Z
IE000Y77LGG9,"(10436,2,EUR)",2024-12-13T16:19:55.015Z
IE00BGV5VN51,"(13854,2,EUR)",2024-12-13T16:26:12.686Z
IE00BYXYX521,"(281949,4,EUR)",2024-12-13T15:02:21.842Z
LU0489337690,"(2303,2,EUR)",2024-12-13T16:26:12.642Z
DE0005933931,"(16966,2,EUR)",2024-12-13T16:27:26.582Z
IE00BKWQ0F09,"(18726,2,EUR)",2024-12-13T16:26:11.357Z
IE00BKWQ0H23,"(21555,2,EUR)",2024-12-13T16:28:28.880Z
LU1861137484,"(8471,2,EUR)",2024-12-13T15:20:29.815Z
IE00B1XNHC34,"(6454,3,EUR)",2024-12-16T16:29:25.231Z
IE00B441G979,"(9486,2,EUR)",2024-12-16T15:48:17.497Z
IE000Y77LGG9,"(10472,2,EUR)",2024-12-16T16:20:16.412Z
IE00BGV5VN51,"(13902,2,EUR)",2024-12-16T16:28:11.868Z
IE00BYXYX521,"(280451,4,EUR)",2024-12-16T14:40:11.988Z
LU0489337690,"(22745,3,EUR)",2024-12-16T16:28:11.809Z
DE0005933931,"(16908,2,EUR)",2024-12-16T16:25:16.559Z
IE00BKWQ0H23,"(2183,1,EUR)",2024-12-16T16:15:48.860Z
IE00BKWQ0F09,"(18426,2,EUR)",2024-12-16T16:16:51.254Z
LU1861137484,"(8471,2,EUR)",2024-12-16T16:02:20.212Z
IE00B441G979,"(94508,3,EUR)",2024-12-17T14:53:51.736Z
IE00B1XNHC34,"(6431,3,EUR)",2024-12-17T16:28:27.426Z
IE000Y77LGG9,"(10452,2,EUR)",2024-12-17T16:18:21.019Z
IE00BGV5VN51,"(13896,2,EUR)",2024-12-17T16:28:40.666Z
IE00BYXYX521,"(276296,4,EUR)",2024-12-17T14:46:16.549Z
LU0489337690,"(22705,3,EUR)",2024-12-17T16:26:27.849Z
DE0005933931,"(16854,2,EUR)",2024-12-17T16:28:06.285Z
IE00BKWQ0F09,"(18162,2,EUR)",2024-12-17T15:30:02.015Z
IE00BKWQ0H23,"(2187,1,EUR)",2024-12-17T15:55:07.286Z
LU1861137484,"(8464,2,EUR)",2024-12-17T16:13:16.780Z
IE00B441G979,"(94604,3,EUR)",2024-12-18T15:40:17.011Z
IE00B1XNHC34,"(647,2,EUR)",2024-12-18T16:27:19.664Z
IE000Y77LGG9,"(1047,1,EUR)",2024-12-18T16:20:28.546Z
IE00BGV5VN51,"(13858,2,EUR)",2024-12-18T16:22:43.043Z
IE00BYXYX521,"(279951,4,EUR)",2024-12-18T16:12:09.211Z
LU0489337690,"(22795,3,EUR)",2024-12-18T16:09:21.522Z
DE0005933931,"(1686,1,EUR)",2024-12-18T16:28:24.178Z
IE00BKWQ0F09,"(1833,1,EUR)",2024-12-18T16:27:21.985Z
IE00BKWQ0H23,"(21875,2,EUR)",2024-12-18T15:52:27.909Z
LU1861137484,"(846,1,EUR)",2024-12-18T16:19:48.156Z
IE00B441G979,"(92148,3,EUR)",2024-12-19T16:10:31.827Z
IE00B1XNHC34,"(6345,3,EUR)",2024-12-19T16:29:17.234Z
IE000Y77LGG9,"(10202,2,EUR)",2024-12-19T16:11:52.652Z
IE00BGV5VN51,"(13666,2,EUR)",2024-12-19T16:28:09.884Z
IE00BYXYX521,"(279099,4,EUR)",2024-12-19T15:13:54.544Z
LU0489337690,"(2222,2,EUR)",2024-12-19T16:12:09.540Z
DE0005933931,"(16646,2,EUR)",2024-12-19T16:29:08.537Z
IE00BKWQ0H23,"(2141,1,EUR)",2024-12-19T15:58:30.104Z
IE00BKWQ0F09,"(1826,1,EUR)",2024-12-19T14:46:09.579Z
LU1861137484,"(8312,2,EUR)",2024-12-19T16:10:04.424Z
IE00B441G979,"(92642,3,EUR)",2024-12-20T16:19:21.292Z
IE00B1XNHC34,"(6354,3,EUR)",2024-12-20T16:26:47.551Z
IE000Y77LGG9,"(10214,2,EUR)",2024-12-20T16:08:53.990Z
IE00BGV5VN51,"(13676,2,EUR)",2024-12-20T16:28:12.282Z
IE00BYXYX521,"(279951,4,EUR)",2024-12-20T15:09:57.929Z
LU0489337690,"(226,1,EUR)",2024-12-20T16:22:49.883Z
DE0005933931,"(16578,2,EUR)",2024-12-20T16:28:11.362Z
IE00BKWQ0H23,"(20505,2,EUR)",2024-12-20T16:07:07.181Z
IE00BKWQ0F09,"(1809,1,EUR)",2024-12-20T15:41:13.078Z
LU1861137484,"(822,1,EUR)",2024-12-20T15:50:52.634Z
IE000Y77LGG9,"(10188,2,EUR)",2024-12-23T16:13:36.460Z
IE00B1XNHC34,"(6395,3,EUR)",2024-12-23T16:27:44.710Z
IE00B441G979,"(92452,3,EUR)",2024-12-23T16:27:11.783Z
IE00BYXYX521,"(280919,4,EUR)",2024-12-23T15:47:09.202Z
IE00BGV5VN51,"(13678,2,EUR)",2024-12-23T16:26:47.194Z
LU0489337690,"(22495,3,EUR)",2024-12-23T16:10:55.868Z
DE0005933931,"(1652,1,EUR)",2024-12-23T16:28:27.807Z
IE00BKWQ0H23,"(20885,2,EUR)",2024-12-23T15:27:01.860Z
IE00BKWQ0F09,"(1813,1,EUR)",2024-12-23T16:12:46.673Z
LU1861137484,"(8269,2,EUR)",2024-12-23T14:47:19.113Z
IE000Y77LGG9,"(10234,2,EUR)",2024-12-27T16:27:39.721Z
IE00B1XNHC34,"(6365,3,EUR)",2024-12-27T16:29:26.271Z
IE00B441G979,"(93094,3,EUR)",2024-12-27T15:16:49.346Z
IE00BYXYX521,"(282549,4,EUR)",2024-12-27T15:49:34.294Z
IE00BGV5VN51,"(13624,2,EUR)",2024-12-27T16:29:19.540Z
LU0489337690,"(2273,2,EUR)",2024-12-27T16:27:48.542Z
DE0005933931,"(16602,2,EUR)",2024-12-27T16:12:08.232Z
IE00BKWQ0F09,"(18396,2,EUR)",2024-12-27T14:46:13.297Z
IE00BKWQ0H23,"(20985,2,EUR)",2024-12-27T15:43:54.763Z
LU1861137484,"(8308,2,EUR)",2024-12-27T16:29:23.539Z
IE000Y77LGG9,"(10142,2,EUR)",2024-12-30T12:53:35.673Z
IE00B1XNHC34,"(6333,3,EUR)",2024-12-30T12:54:19.034Z
IE00B441G979,"(92634,3,EUR)",2024-12-30T12:48:52.040Z
IE00BYXYX521,"(286251,4,EUR)",2024-12-30T11:42:46.925Z
IE00BGV5VN51,"(13498,2,EUR)",2024-12-30T12:54:50.395Z
LU0489337690,"(2266,2,EUR)",2024-12-30T11:56:16.875Z
DE0005933931,"(16558,2,EUR)",2024-12-30T12:54:40.580Z
IE00BKWQ0H23,"(21045,2,EUR)",2024-12-30T07:22:20.049Z
IE00BKWQ0F09,"(185,0,EUR)",2024-12-30T12:36:31.078Z
LU1861137484,"(826,1,EUR)",2024-12-30T12:49:15.201Z
IE000Y77LGG9,"(10258,2,EUR)",2025-01-02T16:29:50.434Z
IE00B1XNHC34,"(6512,3,EUR)",2025-01-02T16:29:46.472Z
IE00B441G979,"(92448,3,EUR)",2025-01-02T16:29:37.344Z
IE00BYXYX521,"(291951,4,EUR)",2025-01-02T15:14:27.102Z
IE00BGV5VN51,"(13722,2,EUR)",2025-01-02T16:29:15.885Z
LU0489337690,"(22845,3,EUR)",2025-01-02T16:27:32.861Z
DE0005933931,"(16648,2,EUR)",2025-01-02T16:29:00.205Z
IE00BKWQ0H23,"(21185,2,EUR)",2025-01-02T16:25:30.503Z
IE00BKWQ0F09,"(1916,1,EUR)",2025-01-02T16:27:33.466Z
LU1861137484,"(8345,2,EUR)",2025-01-02T16:27:20.855Z
IE000Y77LGG9,"(10242,2,EUR)",2025-01-03T16:25:44.433Z
IE00B1XNHC34,"(6508,3,EUR)",2025-01-03T16:27:22.350Z
IE00B441G979,"(92522,3,EUR)",2025-01-03T16:19:47.415Z
IE00BYXYX521,"(290401,4,EUR)",2025-01-03T15:08:25.920Z
IE00BGV5VN51,"(1374,1,EUR)",2025-01-03T16:29:41.896Z
LU0489337690,"(2274,2,EUR)",2025-01-03T16:25:38.312Z
DE0005933931,"(16568,2,EUR)",2025-01-03T16:25:21.510Z
IE00BKWQ0F09,"(19368,2,EUR)",2025-01-03T16:25:37.058Z
IE00BKWQ0H23,"(211,0,EUR)",2025-01-03T15:39:12.932Z
LU1861137484,"(8284,2,EUR)",2025-01-03T16:13:50.808Z
IE000Y77LGG9,"(10248,2,EUR)",2025-01-07T16:20:51.998Z
IE00B1XNHC34,"(6575,3,EUR)",2025-01-07T16:26:45.768Z
IE00B441G979,"(93302,3,EUR)",2025-01-07T16:22:30.452Z
IE00BYXYX521,"(292499,4,EUR)",2025-01-07T16:23:02.910Z
IE00BGV5VN51,"(13828,2,EUR)",2025-01-07T16:29:08.005Z
LU0489337690,"(2242,2,EUR)",2025-01-07T16:24:59.235Z
DE0005933931,"(16934,2,EUR)",2025-01-07T16:29:31.177Z
IE00BKWQ0F09,"(1965,1,EUR)",2025-01-07T15:50:00.963Z
IE00BKWQ0H23,"(2117,1,EUR)",2025-01-07T15:50:03.407Z
LU1861137484,"(8385,2,EUR)",2025-01-07T16:21:26.007Z
IE000Y77LGG9,"(10222,2,EUR)",2025-01-08T16:29:24.024Z
IE00B1XNHC34,"(6445,3,EUR)",2025-01-08T16:27:22.250Z
IE00B441G979,"(92722,3,EUR)",2025-01-08T15:58:06.489Z
IE00BYXYX521,"(294772,4,EUR)",2025-01-08T15:16:25.404Z
IE00BGV5VN51,"(13708,2,EUR)",2025-01-08T16:29:55.661Z
LU0489337690,"(22005,3,EUR)",2025-01-08T16:27:24.421Z
DE0005933931,"(16908,2,EUR)",2025-01-08T16:29:24.096Z
IE00BKWQ0F09,"(19548,2,EUR)",2025-01-08T08:30:15.978Z
IE00BKWQ0H23,"(2133,1,EUR)",2025-01-08T15:45:26.676Z
LU1861137484,"(8348,2,EUR)",2025-01-08T15:59:58.392Z
IE000Y77LGG9,"(1023,1,EUR)",2025-01-09T16:20:14.357Z
IE00B1XNHC34,"(6404,3,EUR)",2025-01-09T16:28:39.857Z
IE00B441G979,"(92792,3,EUR)",2025-01-09T16:21:25.508Z
IE00BYXYX521,"(297649,4,EUR)",2025-01-09T15:06:47.351Z
IE00BGV5VN51,"(1371,1,EUR)",2025-01-09T16:24:46.780Z
LU0489337690,"(22095,3,EUR)",2025-01-09T16:28:35.819Z
DE0005933931,"(16916,2,EUR)",2025-01-09T16:21:34.104Z
IE00BKWQ0F09,"(19664,2,EUR)",2025-01-09T14:46:09.182Z
IE00BKWQ0H23,"(2151,1,EUR)",2025-01-09T12:49:06.599Z
LU1861137484,"(838,1,EUR)",2025-01-09T16:14:15.836Z
IE000Y77LGG9,"(10146,2,EUR)",2025-01-10T16:26:18.758Z
IE00B1XNHC34,"(6291,3,EUR)",2025-01-10T16:26:01.158Z
IE00B441G979,"(91504,3,EUR)",2025-01-10T16:11:33.165Z
IE00BYXYX521,"(307101,4,EUR)",2025-01-10T14:36:23.736Z
IE00BGV5VN51,"(13558,2,EUR)",2025-01-10T16:27:41.981Z
LU0489337690,"(21865,3,EUR)",2025-01-10T15:25:22.109Z
DE0005933931,"(16836,2,EUR)",2025-01-10T16:24:39.607Z
IE00BKWQ0H23,"(21515,2,EUR)",2025-01-10T16:04:25.247Z
IE00BKWQ0F09,"(19714,2,EUR)",2025-01-10T16:28:59.965Z
LU1861137484,"(8304,2,EUR)",2025-01-10T16:18:44.076Z
IE000Y77LGG9,"(10126,2,EUR)",2025-01-13T16:23:23.881Z
IE00B1XNHC34,"(6247,3,EUR)",2025-01-13T16:28:47.891Z
IE00B441G979,"(90968,3,EUR)",2025-01-13T16:24:41.433Z
IE00BYXYX521,"(309299,4,EUR)",2025-01-13T16:10:52.823Z
IE00BGV5VN51,"(13428,2,EUR)",2025-01-13T16:29:29.998Z
LU0489337690,"(2163,2,EUR)",2025-01-13T16:28:21.880Z
DE0005933931,"(1677,1,EUR)",2025-01-13T16:26:18.549Z
IE00BKWQ0H23,"(2129,1,EUR)",2025-01-13T15:24:45.532Z
IE00BKWQ0F09,"(1994,1,EUR)",2025-01-13T16:21:14.977Z
LU1861137484,"(8237,2,EUR)",2025-01-13T16:19:18.008Z
IE000Y77LGG9,"(1012,1,EUR)",2025-01-14T16:29:29.929Z
IE00B1XNHC34,"(6281,3,EUR)",2025-01-14T16:25:32.194Z
IE00B441G979,"(9149,2,EUR)",2025-01-14T16:15:25.862Z
IE00BYXYX521,"(303899,4,EUR)",2025-01-14T14:30:08.373Z
IE00BGV5VN51,"(13446,2,EUR)",2025-01-14T16:26:36.855Z
LU0489337690,"(21715,3,EUR)",2025-01-14T16:25:29.308Z
DE0005933931,"(16872,2,EUR)",2025-01-14T16:28:11.458Z
IE00BKWQ0F09,"(19674,2,EUR)",2025-01-14T14:30:17.693Z
IE00BKWQ0H23,"(2092,1,EUR)",2025-01-14T16:01:52.015Z
LU1861137484,"(822,1,EUR)",2025-01-14T16:07:40.179Z
IE000Y77LGG9,"(10292,2,EUR)",2025-01-15T16:28:49.552Z
IE00B1XNHC34,"(6382,3,EUR)",2025-01-15T16:28:23.800Z
IE00B441G979,"(93088,3,EUR)",2025-01-15T15:21:27.843Z
IE00BYXYX521,"(307601,4,EUR)",2025-01-15T15:21:27.744Z
IE00BGV5VN51,"(13724,2,EUR)",2025-01-15T16:27:37.625Z
LU0489337690,"(22515,3,EUR)",2025-01-15T16:24:54.884Z
DE0005933931,"(17162,2,EUR)",2025-01-15T16:27:30.840Z
IE00BKWQ0H23,"(21215,2,EUR)",2025-01-15T16:10:27.755Z
IE00BKWQ0F09,"(19928,2,EUR)",2025-01-15T16:24:59.279Z
LU1861137484,"(8333,2,EUR)",2025-01-15T15:51:16.623Z
IE000Y77LGG9,"(10344,2,EUR)",2025-01-16T16:22:50.714Z
IE00B1XNHC34,"(6378,3,EUR)",2025-01-16T16:29:39.539Z
IE00B441G979,"(9319,2,EUR)",2025-01-16T15:00:25.291Z
IE00BYXYX521,"(312,1,EUR)",2025-01-16T15:19:26.612Z
IE00BGV5VN51,"(13792,2,EUR)",2025-01-16T16:27:52.237Z
LU0489337690,"(2252,2,EUR)",2025-01-16T16:28:42.627Z
DE0005933931,"(17166,2,EUR)",2025-01-16T16:27:08.809Z
IE00BKWQ0H23,"(2124,1,EUR)",2025-01-16T15:44:36.898Z
IE00BKWQ0F09,"(201,0,EUR)",2025-01-16T14:38:53.485Z
LU1861137484,"(8408,2,EUR)",2025-01-16T16:28:14.383Z
IE000Y77LGG9,"(10448,2,EUR)",2025-01-17T16:29:32.455Z
IE00B1XNHC34,"(6429,3,EUR)",2025-01-17T16:14:06.968Z
IE00B441G979,"(939,1,EUR)",2025-01-17T15:24:34.667Z
IE00BYXYX521,"(311397,4,EUR)",2025-01-17T14:46:07.363Z
IE00BGV5VN51,"(13892,2,EUR)",2025-01-17T16:29:37.200Z
LU0489337690,"(2274,2,EUR)",2025-01-17T15:41:07.192Z
DE0005933931,"(17402,2,EUR)",2025-01-17T16:27:38.246Z
IE00BKWQ0H23,"(21245,2,EUR)",2025-01-17T15:14:13.365Z
IE00BKWQ0F09,"(20165,2,EUR)",2025-01-17T15:48:26.846Z
LU1861137484,"(8467,2,EUR)",2025-01-17T16:21:42.184Z
IE000Y77LGG9,"(10392,2,EUR)",2025-01-20T16:16:07.937Z
IE00B1XNHC34,"(6398,3,EUR)",2025-01-20T16:29:23.822Z
IE00B441G979,"(94454,3,EUR)",2025-01-20T16:18:36.360Z
IE00BYXYX521,"(305151,4,EUR)",2025-01-20T14:36:32.451Z
IE00BGV5VN51,"(1381,1,EUR)",2025-01-20T16:29:01.059Z
LU0489337690,"(2255,2,EUR)",2025-01-20T16:28:35.542Z
DE0005933931,"(17478,2,EUR)",2025-01-20T16:29:45.223Z
IE00BKWQ0H23,"(21045,2,EUR)",2025-01-20T15:49:24.347Z
IE00BKWQ0F09,"(2011,1,EUR)",2025-01-20T14:59:50.264Z
LU1861137484,"(8466,2,EUR)",2025-01-20T16:21:27.116Z
IE000Y77LGG9,"(10402,2,EUR)",2025-01-21T16:11:57.976Z
IE00B1XNHC34,"(6264,3,EUR)",2025-01-21T16:29:33.752Z
IE00B441G979,"(94538,3,EUR)",2025-01-21T15:44:29.684Z
IE00BYXYX521,"(304001,4,EUR)",2025-01-21T14:36:23.850Z
IE00BGV5VN51,"(13816,2,EUR)",2025-01-21T16:28:11.415Z
LU0489337690,"(22545,3,EUR)",2025-01-21T16:22:04.774Z
DE0005933931,"(1751,1,EUR)",2025-01-21T16:29:17.750Z
IE00BKWQ0F09,"(19746,2,EUR)",2025-01-21T15:53:56.635Z
IE00BKWQ0H23,"(21305,2,EUR)",2025-01-21T15:57:48.796Z
LU1861137484,"(8501,2,EUR)",2025-01-21T16:18:31.405Z
IE000Y77LGG9,"(10474,2,EUR)",2025-01-22T16:26:30.857Z
IE00B1XNHC34,"(616,2,EUR)",2025-01-22T16:26:04.899Z
IE00B441G979,"(9541,2,EUR)",2025-01-22T15:22:01.996Z
IE00BYXYX521,"(302501,4,EUR)",2025-01-22T15:22:34.369Z
IE00BGV5VN51,"(14112,2,EUR)",2025-01-22T16:29:29.812Z
LU0489337690,"(22375,3,EUR)",2025-01-22T15:43:14.725Z
DE0005933931,"(1769,1,EUR)",2025-01-22T16:29:26.041Z
IE00BKWQ0F09,"(19694,2,EUR)",2025-01-22T15:21:54.209Z
IE00BKWQ0H23,"(2152,1,EUR)",2025-01-22T13:37:20.778Z
LU1861137484,"(859,1,EUR)",2025-01-22T16:29:51.563Z
IE000Y77LGG9,"(10432,2,EUR)",2025-01-23T16:22:52.868Z
IE00B1XNHC34,"(612,2,EUR)",2025-01-23T16:26:11.017Z
IE00B441G979,"(9542,2,EUR)",2025-01-23T15:41:43.275Z
IE00BYXYX521,"(303801,4,EUR)",2025-01-23T14:40:27.115Z
IE00BGV5VN51,"(14106,2,EUR)",2025-01-23T16:29:56.585Z
LU0489337690,"(22555,3,EUR)",2025-01-23T15:18:05.560Z
DE0005933931,"(17832,2,EUR)",2025-01-23T16:29:08.603Z
IE00BKWQ0H23,"(21525,2,EUR)",2025-01-23T16:11:18.925Z
IE00BKWQ0F09,"(1982,1,EUR)",2025-01-23T14:47:40.933Z
LU1861137484,"(856,1,EUR)",2025-01-23T14:55:23.941Z
IE000Y77LGG9,"(10384,2,EUR)",2025-01-24T16:13:40.455Z
IE00B1XNHC34,"(6131,3,EUR)",2025-01-24T16:28:44.081Z
IE00B441G979,"(96036,3,EUR)",2025-01-24T14:50:27.299Z
IE00BYXYX521,"(298952,4,EUR)",2025-01-24T15:28:37.628Z
IE00BGV5VN51,"(1407,1,EUR)",2025-01-24T16:29:45.715Z
LU0489337690,"(2241,2,EUR)",2025-01-24T16:27:30.522Z
DE0005933931,"(17798,2,EUR)",2025-01-24T16:25:59.680Z
IE00BKWQ0H23,"(21765,2,EUR)",2025-01-24T16:08:20.159Z
IE00BKWQ0F09,"(19442,2,EUR)",2025-01-24T16:27:32.685Z
LU1861137484,"(8582,2,EUR)",2025-01-24T16:07:52.131Z
IE000Y77LGG9,"(10234,2,EUR)",2025-01-27T15:58:16.785Z
IE00B1XNHC34,"(6077,3,EUR)",2025-01-27T16:28:17.019Z
IE00B441G979,"(94204,3,EUR)",2025-01-27T16:26:44.720Z
IE00BYXYX521,"(294649,4,EUR)",2025-01-27T15:52:13.253Z
IE00BGV5VN51,"(13626,2,EUR)",2025-01-27T16:29:51.000Z
LU0489337690,"(22745,3,EUR)",2025-01-27T16:05:04.312Z
DE0005933931,"(17716,2,EUR)",2025-01-27T16:28:16.857Z
IE00BKWQ0F09,"(19322,2,EUR)",2025-01-27T16:28:16.872Z
IE00BKWQ0H23,"(2205,1,EUR)",2025-01-27T16:15:30.042Z
LU1861137484,"(8557,2,EUR)",2025-01-27T16:09:52.124Z
IE000Y77LGG9,"(103,0,EUR)",2025-01-28T16:20:15.149Z
IE00B1XNHC34,"(6083,3,EUR)",2025-01-28T16:29:03.719Z
IE00B441G979,"(94846,3,EUR)",2025-01-28T15:19:12.518Z
IE00BYXYX521,"(294251,4,EUR)",2025-01-28T16:14:18.913Z
IE00BGV5VN51,"(13916,2,EUR)",2025-01-28T16:29:06.518Z
LU0489337690,"(2306,2,EUR)",2025-01-28T16:27:00.146Z
DE0005933931,"(1784,1,EUR)",2025-01-28T16:28:02.084Z
IE00BKWQ0F09,"(19388,2,EUR)",2025-01-28T15:18:39.882Z
IE00BKWQ0H23,"(221,0,EUR)",2025-01-28T16:25:28.692Z
LU1861137484,"(8576,2,EUR)",2025-01-28T15:38:11.703Z
IE000Y77LGG9,"(10326,2,EUR)",2025-01-29T16:24:20.921Z
IE00B1XNHC34,"(6209,3,EUR)",2025-01-29T16:29:37.652Z
IE00B441G979,"(95116,3,EUR)",2025-01-29T16:28:37.401Z
IE00BYXYX521,"(296451,4,EUR)",2025-01-29T15:22:05.099Z
IE00BGV5VN51,"(1392,1,EUR)",2025-01-29T16:28:40.520Z
LU0489337690,"(2291,2,EUR)",2025-01-29T16:26:08.840Z
DE0005933931,"(17994,2,EUR)",2025-01-29T16:17:25.353Z
IE00BKWQ0H23,"(22145,2,EUR)",2025-01-29T15:37:35.761Z
IE00BKWQ0F09,"(1936,1,EUR)",2025-01-29T16:26:12.129Z
LU1861137484,"(8601,2,EUR)",2025-01-29T16:28:24.361Z
IE000Y77LGG9,"(10342,2,EUR)",2025-01-30T16:28:55.974Z
IE00B1XNHC34,"(6303,3,EUR)",2025-01-30T16:28:51.633Z
IE00B441G979,"(95354,3,EUR)",2025-01-30T15:54:00.232Z
IE00BYXYX521,"(298399,4,EUR)",2025-01-30T16:16:45.029Z
IE00BGV5VN51,"(13948,2,EUR)",2025-01-30T16:29:42.396Z
LU0489337690,"(2335,2,EUR)",2025-01-30T16:03:34.492Z
DE0005933931,"(18086,2,EUR)",2025-01-30T16:29:28.818Z
IE00BKWQ0F09,"(19598,2,EUR)",2025-01-30T15:07:54.138Z
IE00BKWQ0H23,"(22265,2,EUR)",2025-01-30T16:02:13.889Z
LU1861137484,"(8695,2,EUR)",2025-01-30T16:27:50.693Z
IE000Y77LGG9,"(10448,2,EUR)",2025-01-31T16:28:53.657Z
IE00B1XNHC34,"(6349,3,EUR)",2025-01-31T16:26:27.847Z
IE00B441G979,"(96126,3,EUR)",2025-01-31T16:28:41.128Z
IE00BYXYX521,"(297199,4,EUR)",2025-01-31T15:20:39.621Z
IE00BGV5VN51,"(1418,1,EUR)",2025-01-31T16:29:51.894Z
LU0489337690,"(23395,3,EUR)",2025-01-31T16:27:52.123Z
DE0005933931,"(18056,2,EUR)",2025-01-31T16:25:33.983Z
IE00BKWQ0F09,"(19872,2,EUR)",2025-01-31T13:44:08.926Z
IE00BKWQ0H23,"(22435,2,EUR)",2025-01-31T15:41:16.910Z
LU1861137484,"(8706,2,EUR)",2025-01-31T15:44:09.838Z
IE000Y77LGG9,"(10316,2,EUR)",2025-02-03T16:24:41.264Z
IE00B1XNHC34,"(6327,3,EUR)",2025-02-03T16:29:28.990Z
IE00B441G979,"(94556,3,EUR)",2025-02-03T16:26:10.980Z
IE00BYXYX521,"(305251,4,EUR)",2025-02-03T14:40:22.700Z
IE00BGV5VN51,"(14012,2,EUR)",2025-02-03T16:27:59.906Z
LU0489337690,"(23165,3,EUR)",2025-02-03T16:27:04.658Z
DE0005933931,"(17804,2,EUR)",2025-02-03T16:29:12.101Z
IE00BKWQ0H23,"(2227,1,EUR)",2025-02-03T15:54:37.460Z
IE00BKWQ0F09,"(1966,1,EUR)",2025-02-03T16:27:07.855Z
LU1861137484,"(8616,2,EUR)",2025-02-03T16:20:16.425Z
IE000Y77LGG9,"(1029,1,EUR)",2025-02-04T16:29:05.372Z
IE00B1XNHC34,"(6345,3,EUR)",2025-02-04T16:28:34.968Z
IE00B441G979,"(95038,3,EUR)",2025-02-04T16:29:11.455Z
IE00BYXYX521,"(302601,4,EUR)",2025-02-04T15:55:35.846Z
IE00BGV5VN51,"(14198,2,EUR)",2025-02-04T16:29:44.355Z
LU0489337690,"(2315,2,EUR)",2025-02-04T16:28:33.021Z
DE0005933931,"(179,0,EUR)",2025-02-04T16:29:25.435Z
IE00BKWQ0H23,"(22125,2,EUR)",2025-02-04T16:24:29.656Z
IE00BKWQ0F09,"(198,0,EUR)",2025-02-04T15:29:04.916Z
LU1861137484,"(8649,2,EUR)",2025-02-04T16:24:19.113Z
IE000Y77LGG9,"(1027,1,EUR)",2025-02-05T16:26:42.135Z
IE00B1XNHC34,"(6366,3,EUR)",2025-02-05T16:26:36.037Z
IE00B441G979,"(94878,3,EUR)",2025-02-05T16:26:40.032Z
IE00BYXYX521,"(300551,4,EUR)",2025-02-05T16:16:37.833Z
IE00BGV5VN51,"(14064,2,EUR)",2025-02-05T16:28:25.031Z
LU0489337690,"(23575,3,EUR)",2025-02-05T16:25:55.768Z
DE0005933931,"(17926,2,EUR)",2025-02-05T16:27:02.621Z
IE00BKWQ0H23,"(226,0,EUR)",2025-02-05T15:59:18.857Z
IE00BKWQ0F09,"(198,0,EUR)",2025-02-05T16:16:49.941Z
LU1861137484,"(8659,2,EUR)",2025-02-05T16:16:52.223Z
IE00BGV5VN51,"(14274,2,EUR)",2025-02-06T16:28:48.251Z
IE000Y77LGG9,"(10368,2,EUR)",2025-02-06T16:29:01.965Z
IE00B1XNHC34,"(6361,3,EUR)",2025-02-06T16:28:29.142Z
IE00B441G979,"(95698,3,EUR)",2025-02-06T16:24:05.818Z
IE00BYXYX521,"(303649,4,EUR)",2025-02-06T15:53:18.946Z
LU0489337690,"(2367,2,EUR)",2025-02-06T16:28:27.855Z
DE0005933931,"(18236,2,EUR)",2025-02-06T16:26:56.799Z
IE00BKWQ0F09,"(19914,2,EUR)",2025-02-06T15:03:37.939Z
IE00BKWQ0H23,"(2277,1,EUR)",2025-02-06T16:04:14.353Z
LU1861137484,"(8751,2,EUR)",2025-02-06T16:20:59.811Z
LU0489337690,"(2335,2,EUR)",2025-02-07T15:26:16.652Z
IE000Y77LGG9,"(10328,2,EUR)",2025-02-07T16:29:42.511Z
IE00B1XNHC34,"(6287,3,EUR)",2025-02-07T16:28:26.115Z
IE00B441G979,"(95176,3,EUR)",2025-02-07T16:26:17.089Z
IE00BGV5VN51,"(143,0,EUR)",2025-02-07T16:28:56.418Z
IE00BYXYX521,"(306999,4,EUR)",2025-02-07T15:46:57.178Z
DE0005933931,"(18118,2,EUR)",2025-02-07T16:27:46.407Z
IE00BKWQ0F09,"(19978,2,EUR)",2025-02-07T14:49:57.147Z
IE00BKWQ0H23,"(22605,2,EUR)",2025-02-07T16:08:45.943Z
LU1861137484,"(8687,2,EUR)",2025-02-07T16:09:34.886Z
LU0489337690,"(23685,3,EUR)",2025-02-10T16:26:30.949Z
IE000Y77LGG9,"(10392,2,EUR)",2025-02-10T16:21:59.846Z
IE00B1XNHC34,"(6267,3,EUR)",2025-02-10T16:29:58.200Z
IE00B441G979,"(95536,3,EUR)",2025-02-10T16:13:43.861Z
IE00BGV5VN51,"(14468,2,EUR)",2025-02-10T16:28:08.003Z
IE00BYXYX521,"(311,1,EUR)",2025-02-10T15:49:51.350Z
DE0005933931,"(18244,2,EUR)",2025-02-10T16:21:39.057Z
IE00BKWQ0H23,"(22685,2,EUR)",2025-02-10T15:42:02.261Z
IE00BKWQ0F09,"(2032,1,EUR)",2025-02-10T14:46:11.983Z
LU1861137484,"(8758,2,EUR)",2025-02-10T16:10:23.018Z
LU0489337690,"(2349,2,EUR)",2025-02-11T16:25:51.745Z
IE000Y77LGG9,"(10344,2,EUR)",2025-02-11T16:13:11.956Z
IE00B1XNHC34,"(6227,3,EUR)",2025-02-11T16:29:45.300Z
IE00B441G979,"(95462,3,EUR)",2025-02-11T15:18:12.086Z
IE00BGV5VN51,"(1443,1,EUR)",2025-02-11T16:29:44.450Z
IE00BYXYX521,"(311949,4,EUR)",2025-02-11T15:53:55.359Z
DE0005933931,"(18342,2,EUR)",2025-02-11T16:27:18.916Z
IE00BKWQ0F09,"(20535,2,EUR)",2025-02-11T16:25:53.218Z
IE00BKWQ0H23,"(22485,2,EUR)",2025-02-11T16:22:42.135Z
LU1861137484,"(8759,2,EUR)",2025-02-11T16:20:34.903Z
LU0489337690,"(23275,3,EUR)",2025-02-12T16:25:46.654Z
IE000Y77LGG9,"(10236,2,EUR)",2025-02-12T16:28:57.487Z
IE00B1XNHC34,"(6155,3,EUR)",2025-02-12T16:29:49.645Z
IE00B441G979,"(95328,3,EUR)",2025-02-12T15:55:18.422Z
IE00BGV5VN51,"(14274,2,EUR)",2025-02-12T16:29:04.229Z
IE00BYXYX521,"(310901,4,EUR)",2025-02-12T14:36:23.199Z
DE0005933931,"(18418,2,EUR)",2025-02-12T16:25:41.213Z
IE00BKWQ0H23,"(2244,1,EUR)",2025-02-12T16:21:06.641Z
IE00BKWQ0F09,"(20385,2,EUR)",2025-02-12T14:30:13.454Z
LU1861137484,"(8714,2,EUR)",2025-02-12T15:22:02.719Z
LU0489337690,"(2353,2,EUR)",2025-02-13T16:26:15.439Z
IE000Y77LGG9,"(10342,2,EUR)",2025-02-13T16:06:58.959Z
IE00B1XNHC34,"(6173,3,EUR)",2025-02-13T16:21:11.857Z
IE00B441G979,"(96076,3,EUR)",2025-02-13T16:29:20.770Z
IE00BGV5VN51,"(14362,2,EUR)",2025-02-13T16:29:08.542Z
IE00BYXYX521,"(310301,4,EUR)",2025-02-13T15:01:56.175Z
DE0005933931,"(1882,1,EUR)",2025-02-13T16:29:43.788Z
IE00BKWQ0F09,"(2029,1,EUR)",2025-02-13T16:11:38.805Z
IE00BKWQ0H23,"(22615,2,EUR)",2025-02-13T16:20:49.921Z
LU1861137484,"(8815,2,EUR)",2025-02-13T16:06:01.868Z
LU0489337690,"(23625,3,EUR)",2025-02-14T15:24:41.396Z
IE000Y77LGG9,"(10292,2,EUR)",2025-02-14T16:26:29.336Z
IE00B1XNHC34,"(6181,3,EUR)",2025-02-14T16:29:43.567Z
IE00B441G979,"(96414,3,EUR)",2025-02-14T15:30:16.351Z
IE00BGV5VN51,"(14342,2,EUR)",2025-02-14T16:29:42.441Z
IE00BYXYX521,"(307551,4,EUR)",2025-02-14T15:54:09.924Z
DE0005933931,"(18696,2,EUR)",2025-02-14T16:25:43.775Z
IE00BKWQ0H23,"(2227,1,EUR)",2025-02-14T15:48:45.624Z
IE00BKWQ0F09,"(20425,2,EUR)",2025-02-14T16:29:44.053Z
LU1861137484,"(8812,2,EUR)",2025-02-14T16:28:04.991Z
LU0489337690,"(23425,3,EUR)",2025-02-17T16:28:56.421Z
IE000Y77LGG9,"(10344,2,EUR)",2025-02-17T16:27:44.233Z
IE00B1XNHC34,"(6205,3,EUR)",2025-02-17T16:29:05.002Z
IE00B441G979,"(9661,2,EUR)",2025-02-17T16:05:10.070Z
IE00BGV5VN51,"(14504,2,EUR)",2025-02-17T16:28:34.340Z
IE00BYXYX521,"(306651,4,EUR)",2025-02-17T14:40:28.356Z
DE0005933931,"(1896,1,EUR)",2025-02-17T16:29:31.709Z
IE00BKWQ0H23,"(2234,1,EUR)",2025-02-17T15:29:19.324Z
IE00BKWQ0F09,"(2046,1,EUR)",2025-02-17T16:28:58.180Z
LU1861137484,"(8844,2,EUR)",2025-02-17T16:24:44.395Z
LU0489337690,"(2338,2,EUR)",2025-02-18T16:29:05.452Z
IE000Y77LGG9,"(10366,2,EUR)",2025-02-18T16:15:45.224Z
IE00B1XNHC34,"(6241,3,EUR)",2025-02-18T16:19:49.662Z
IE00B441G979,"(96604,3,EUR)",2025-02-18T14:36:10.401Z
IE00BGV5VN51,"(1452,1,EUR)",2025-02-18T16:27:25.696Z
IE00BYXYX521,"(309999,4,EUR)",2025-02-18T14:55:32.534Z
DE0005933931,"(19018,2,EUR)",2025-02-18T16:28:39.590Z
IE00BKWQ0F09,"(20425,2,EUR)",2025-02-18T14:30:18.742Z
IE00BKWQ0H23,"(2252,1,EUR)",2025-02-18T16:20:50.786Z
LU1861137484,"(8856,2,EUR)",2025-02-18T16:28:15.797Z
LU0489337690,"(23095,3,EUR)",2025-02-19T16:15:37.049Z
IE000Y77LGG9,"(10416,2,EUR)",2025-02-19T16:28:09.956Z
IE00B1XNHC34,"(634,2,EUR)",2025-02-19T16:27:39.159Z
IE00B441G979,"(9632,2,EUR)",2025-02-19T15:59:32.397Z
IE00BGV5VN51,"(14568,2,EUR)",2025-02-19T16:27:31.517Z
IE00BYXYX521,"(317201,4,EUR)",2025-02-19T15:29:56.849Z
DE0005933931,"(18658,2,EUR)",2025-02-19T16:29:06.192Z
IE00BKWQ0H23,"(2249,1,EUR)",2025-02-19T15:41:34.713Z
IE00BKWQ0F09,"(2051,1,EUR)",2025-02-19T16:27:39.209Z
LU1861137484,"(8763,2,EUR)",2025-02-19T16:25:57.925Z
LU0489337690,"(2323,2,EUR)",2025-02-20T16:08:51.106Z
IE000Y77LGG9,"(10352,2,EUR)",2025-02-20T16:09:55.095Z
IE00B1XNHC34,"(6273,3,EUR)",2025-02-20T16:26:33.437Z
IE00B441G979,"(959,1,EUR)",2025-02-20T16:15:45.075Z
IE00BGV5VN51,"(14258,2,EUR)",2025-02-20T16:29:39.671Z
IE00BYXYX521,"(316849,4,EUR)",2025-02-20T16:08:36.558Z
DE0005933931,"(1858,1,EUR)",2025-02-20T16:29:32.414Z
IE00BKWQ0H23,"(22505,2,EUR)",2025-02-20T16:23:31.371Z
IE00BKWQ0F09,"(20475,2,EUR)",2025-02-20T16:26:33.405Z
LU1861137484,"(8771,2,EUR)",2025-02-20T16:09:57.265Z
